Date Event Began,Date of Restoration,Area Affected,NERC Region,Event Type,Demand Loss (MW), Number of Customers Affected 
1/23/2000,1/28/2000,South Carolina,SERC,Ice Storm,450,"133,000"
1/29/2000,2/3/2000,South Carolina,SERC,Ice Storm,300,"81,000"
3/18/2000,3/18/2000,New Mexico,WECC,Transmission Line Loss,"1,040","500,000"
5/21/2000,5/22/2000,North Carolina,SERC,Thunder/Lightning,175,"50,000"
5/25/2000,6/2/2000,North Carolina,SERC,Severe Weather,475,"100,000"
6/14/2000,6/14/2000,Arizona,WECC,Tripped Lines Fire,138,"40,911"
6/28/2000,6/28/2000,Virginia & North Carolina,SERC,Line Outages/Switch Fire,175,"30,500"
8/10/2000,8/11/2000,Alabama,SERC,Severe Weather,None,"75,000"
8/18/2000,8/20/2000,North Carolina,SERC,Severe Weather Weather,500,"130,000"
12/16/2000,12/18/2000,"Geneva, Southeast Alabama",SERC,Tornado,NA,"60,000"
3/6/2001,3/6/2001,Boston & Northeast Massachusetts,NPCC,Interruption of Firm Power,340,"130,000"
3/19/2001,3/19/2001,Southern California Area,WECC,Interruption of Firm Power,Various,"430,984"
1/30/2002,2/7/2002,Oklahoma,SPP,Ice Storm,500,"1,881,134"
1/30/2002,2/10/2002,Missouri,SPP,Ice Storm,210,"95,000"
2/27/2002,2/27/2002,California,WECC,Interruption of Firm Load,300,"255,000"
7/20/2002,7/20/2002,New York,NPCC,Fire,278,"63,500"
8/9/2002,8/9/2002,Florida,SERC,Interruption of Firm Power,51,"25,000"
8/28/2002,8/28/2002,Florida,SERC,Severe Weather,67.6,"25,000"
10/3/2002,10/12/2002,Coastal Areas of Southern Louisiana,SPP,Hurricane Lily,NA,"242,910"
11/6/2002,11/10/2002,Northern and Central California,WECC,Winter Storm,270,"939,000"
11/17/2002,11/21/2002,Northwest and North Central Connecticut,NPCC,Ice Storm,NA,"224,912"
12/3/2002,12/9/2002,Arkansas,SPP,Ice Storm,NA,"43,000"
12/11/2002,12/13/2002,Northern Virginia to Fredericksburg; Staunton to Harrisonburg,SERC,Winter Storm,63,"130,000"
12/14/2002,12/19/2002,Northern and Central California,WECC,Winter Storm,180,"1,500,000"
12/19/2002,12/21/2002,Northern and Central California,WECC,Winter Storm,56,"385,000"
4/4/2003,4/5/2003,"New York, Upstate New York",NPCC,Severe Storm,225,"160,000"
5/2/2003,5/4/2003,"Piedmont, North and South Carolina",SERC,Severe Thunderstorms,"1,500","139,000"
5/2/2003,5/3/2003,"Central Georgia, Alabama",SERC,Severe Thunderstorms,130,"114,000"
6/30/2003,6/30/2003,"Coastal areas of Southwest Louisiana, entire New Orleans metropolitan area",SPP,Tropical Storm Bill,NA,"179,299"
7/1/2003,7/1/2003,"Phoenix, Arizona",WECC,Breaker Failure,"1,000","47,000"
7/2/2003,7/2/2003,Northern California,WECC,Unit Tripped,200,1
7/9/2003,7/9/2003,Northern Central and Eastern Virginia,SERC,Severe Thunderstorms,120,"80,000"
7/28/2003,7/28/2003,Arizona,WECC,Breaker Closed,440,"90,000"
8/14/2003,8/15/2003,Entire Con Edison System (five boroughs of NYC and Westchester County),NPCC,Unknown *,"11,202","3,125,350"
8/14/2003,8/14/2003,"New York- Buffalo to Albany; Ontario, Canada to Pennsylvania",NPCC,Unknown *,NA,"840,137"
9/18/2003,9/29/2003,"North Eastern North Carolina, Eastern Central , and Northern Virginia",SERC,Hurricane Isabel,"6,512","1,800,000"
11/13/2003,11/13/2003,"Northern Virginia, Richmond area, Eastern Virginia",SERC,Wind Storm,300,"67,000"
11/13/2003,11/14/2003,New York,NPCC,Storm with High Winds,Approx. 180,"50,280"
12/1/2003,12/1/2003,Cape Cod and part of SE Massachusetts,NPCC,Wild Fire _ Transmission Equipment,630,"300,000"
12/5/2003,12/5/2003,State of Florida - Dade County,FRCC,Transmission Equipment,27,"16,500"
12/20/2003,12/21/2003,"San Francisco, California",WECC,Cable Failure,150,"120,000"
12/22/2003,12/22/2003,Central California Coast,WECC,Earthquake,220,"109,750"
12/28/2003,1/1/2004,Northern California,WECC,Winter Storm,160,"241,000"
1/1/2004,1/2/2004,Northern California,WECC,Winter Storm,170,"263,000"
1/7/2004,1/10/2004,King County,WECC,Snow Storm,150,"145,000"
1/8/2004,1/10/2004,"Lake Placid/Saranac, New York",NPCC,Public Appeal to Reduce Load,100,"18,600"
1/14/2004,1/17/2004,"Lake Placid/Saranac, New York",NPCC,Public Appeal to Reduce Load,100,"18,600"
1/26/2004,1/28/2004,Central South Carolina,SERC,Ice Storm,600,"150,000"
1/26/2004,1/27/2004,North and Central area of Georgia,SERC,Ice Storm,Less than 150,"30,689"
1/26/2004,1/29/2004,Central and Eastern North Carolina and Northern and Eastern South Carolina,SERC,Ice Storm,475,"9,905"
2/14/2004,2/16/2004,"Lake Colby, Lake Placid, Tupper Lake",NPCC,Public Appeal to Reduce Load,Approx. 30,"18,600"
2/25/2004,2/26/2004,Northern California,WECC,Winter Storm,240,"505,000"
2/26/2004,2/26/2004,Georgia,SERC,Severe Storm,10,"47,165"
3/7/2004,3/9/2004,North and South Carolina,SERC,Severe Storm,"1,000","206,000"
4/12/2004,4/12/2004,FPL's service territory mostly in Naples and Ft. Myers Florida,FRCC,Storm with High Winds,250,"179,000"
4/27/2004,4/30/2004,Snohomish County Washington,WECC,Strong Winds,Approx. 300,"187,000"
6/14/2004,6/14/2004,"Phoenix, Arizona",WECC,Fault on Line,200,"30,000"
6/23/2004,6/23/2004,Georgia and Alabama,SERC,Thunderstorms,50,"50,595"
6/23/2004,6/23/2004,Southern Idaho,WECC,Load Shedding,157,"35,000"
7/7/2004,7/7/2004,Central Virginia,SERC,Severe Thunderstorms,120,"88,110"
7/13/2004,7/13/2004,"Leon  County, Florida",FRCC,Units Tripped,283,"42,124"
7/25/2004,7/25/2004,"Georgia, Alabama, Florida panhandle, Southern Mississippi",SERC,Severe Storms,61,"61,004"
8/4/2004,8/4/2004,"Northwest Orange County, California",WECC,Fault at Barre Substation,480,"182,000"
8/13/2004,8/13/2004,West Coast of Florida from Naples to Charlotte and in an area centered around Daytona Beach,FRCC,Hurricane Charley,"1,400","1,200,000"
8/13/2004,8/23/2004,"Florida counties of Hardee, Highlands, Lake, Orange, Osceola, Polk, Seminole, Volusia",FRCC,Hurricane Charley,"1,300","502,000"
8/13/2004,8/13/2004,"Florida counties of Collier, Hendry, Glades, Highlands, Charlotte, Desoto, Lee, Hardee, and Polk",FRCC,Hurricane Charley,700,"200,000"
8/13/2004,8/13/2004,"Eastern Hillsborough, Polk County, Florida",FRCC,Hurricane Charley,250,"78,000"
8/13/2004,8/14/2004,"New Smyrna Beach, Florida",FRCC,Hurricane Charley,65,"23,000"
8/14/2004,8/14/2004,Central and Eastern North Carolina and Northern and Eastern South Carolina,SERC,Hurricane Charley,500,"94,000"
8/20/2004,8/20/2004,"Boston, Massachusetts",NPCC,Major Transmission Line Tripped due to Lightning Strike,"22,700","380,000"
8/29/2004,8/29/2004,Southeastern South Carolina,SERC,Tropical Storm Gaston,450,"125,000"
8/30/2004,8/31/2004,"Central Virginia, South to North Carolina and East to the Virginia Coast",SERC,Tropical Storm Gaston,150,"99,816"
9/3/2004,9/5/2004,"City of Fort Pierce, Florida",FRCC,Hurricane Frances,125,"26,000"
9/4/2004,9/6/2004,"West Palm Beach to Daytona Beach, Florida",FRCC,Hurricane Frances,"6,000","2,775,093"
9/4/2004,9/12/2004,"Hillsborough, Pasco, and Polk County, Florida",FRCC,Hurricane Frances,"1,100","268,000"
9/5/2004,9/9/2004,"Orlando, Florida",FRCC,Hurricane Frances,200,"65,000"
9/6/2004,9/9/2004,"Florida, Mississippi, Alabama, Georgia",SERC,Hurricane Frances,"3,000","99,000"
9/7/2004,9/8/2004,Georgia,SERC,Hurricane Frances,"2,200","150,000"
9/15/2004,9/17/2004,"Florida, Mississippi, Alabama, Georgia",SERC,Hurricane Ivan,916,"916,316"
9/16/2004,9/20/2004,Western  North and South Carolina,SERC,Hurricane Ivan,500,"175,000"
9/16/2004,9/16/2004,"Baldwin County, Alabama, Escambia County, Florida, Washington County, Alabama",SERC,Hurricane Ivan,263,"75,000"
9/17/2004,9/18/2004,Western North Carolina,SERC,Hurricane Ivan,400,"112,000"
9/25/2004,9/26/2004,"City of Fort Pierce, Florida",FRCC,Hurricane Jeanne,125,"26,000"
9/26/2004,9/27/2004,"Hillsborough, Pasco, and Polk County, Florida",FRCC,Hurricane Jeanne,"1,250","285,300"
9/26/2004,9/30/2004,"Orlando and St. Cloud, Florida",FRCC,Hurricane Jeanne,350,"110,000"
9/27/2004,9/27/2004,Georgia,SERC,Hurricane Jeanne,854,"85,455"
10/18/2004,10/20/2004,Northern California,WECC,Severe Storm with High Wind Gusts,140,"407,440"
10/28/2004,10/28/2004,"San  Jose, California",WECC,Major Transmission Distribution System Interruption,103,"59,458"
11/14/2004,11/15/2004,Nova Scotia,NPCC,"Heavy Snow, High Winds and Rain/Major Distribution System Interruption",165,"165,000"
11/24/2004,11/24/2004,Georgia,SERC,Strong Thunderstorms,100,"83,450"
12/27/2004,12/27/2004,"Salinas, California and surrounding communities",WECC,Severe Weather/Line Relayed,100,"95,000"
1/4/2005,1/14/2005,Eastern one third of the state of Kansas,SPP,Winter Storm,200,"211,000"
1/7/2005,1/10/2005,Northern California,WECC,Winter Storm,120,"442,000"
1/29/2005,1/31/2005,Parts of Alabama and Georgia,SERC,Ice Storm,100,"150,000"
1/29/2005,1/30/2005,Georgia,SERC,Ice Storm,65 to 100,"82,000"
3/8/2005,3/8/2005,Eastern and Central North Carolina,SERC,Wind Storms,180,"51,600"
4/30/2005,4/30/2005,Alabama and Georgia,SERC,Thunderstorms,100,"51,808"
6/6/2005,6/8/2005,Central/Eastern New York state,NPCC,Strong Thunderstorms,N/A,"65,000"
6/8/2005,6/10/2005,Minnesota,MRO,Strong Thunderstorm,75,"300,000"
7/5/2005,7/6/2005,"Southeast and Northeast, Louisiana including the New Orleans area",SPP,Tropical Storm Cindy,unknown,"287,000"
7/10/2005,7/12/2005,"Alabama, Mississippi, Florida, Georgia",SERC,Hurricane Dennis,45,"228,102"
7/10/2005,7/11/2005,Southwest Alabama and Western Panhandle of Florida,SERC,Hurricane Dennis,51.2,"50,000"
7/21/2005,7/21/2005,Southern California,WECC,CA ISO  Stage 2 -Initiated interruption of Air Conditioner Cycling Interruptible Load Program,197,"128,050"
7/22/2005,7/22/2005,Southern California,WECC,CA ISO Stage 2 -Initiated interruption of Air Conditioner Cycling Interruptible Load Program,206,"133,900"
7/28/2005,8/1/2005,Piedmont North and South Carolina,SERC,Severe Thunderstorm,300,"52,200"
8/25/2005,8/25/2005,Southern California,WECC,CAISO initiated interruption of  interruptible and firm load due to declaration of  Transmission Emergency in Southern California,864,"409,000"
8/29/2005,8/30/2005,"Buras, Louisiana",SPP,Hurricane Katrina,N/A,"1,100,000"
8/29/2005,8/29/2005,"Alabama, Florida, Mississippi",SERC,Hurricane Katrina,"5,120","512,049"
8/29/2005,9/10/2005,"Alabama, Mississippi,  Tennessee",SERC,Hurricane Katrina,118.5,"323,529"
8/29/2005,8/29/2005,East and Southeast Louisiana,SPP,Hurricane Katrina,300,"143,000"
9/12/2005,9/12/2005,"Los Angeles, California",WECC,Breaker protection cable accidentally cut,"2,578","900,000"
9/14/2005,9/15/2005,Eastern North Carolina,SERC,Hurricane Ophelia,215,"60,000"
9/21/2005,9/27/2005,Minnesota,MRO,High Winds/Tornados,N/A,"200,000"
9/23/2005,9/25/2005,"Texas, Louisiana, Arkansas, and Mississippi",SPP,Hurricane Rita,N/A,"766,000"
9/23/2005,10/6/2005,West and Southwest Louisiana,SPP,Hurricane Rita,350,"125,000"
10/23/2005,10/24/2005,"South Florida, Naples, Ft. Myers, Miami, Ft. Lauderdale, West Palm Beach and Martin county",FRCC,Hurricane Wilma,"10,000","3,241,437"
10/24/2005,10/24/2005,"Florida counties of Collier, Charlotte and Lee",FRCC,Hurricane Wilma,280,"105,000"
10/24/2005,11/10/2005,"South Florida - Cities of Key West, Clewiston, Lake Worth, and Ft. Pierce",FRCC,Hurricane Wilma,148,"84,900"
12/15/2005,12/21/2005,Piedmont North Carolina and South Carolina,SERC,Ice Storm,"3,500","683,000"
12/15/2005,12/16/2005,Northeast Georgia,SERC,Ice Storm,75,"52,659"
12/31/2005,1/5/2006,Northern and Central California,WECC,Severe Storms,800,"1,667,316"
1/14/2006,1/16/2006,"Chester, Montgomery, Delaware, Philadelphia and Bucks Counties, Pennsylvania",RFC,High Winds,--,"142,315"
1/18/2006,1/18/2006,Southern and Central Maine,NPCC,Severe Storm,75,"63,000"
2/4/2006,2/8/2006,Western Washington,WECC,Severe Windstorm,--,"140,000"
2/4/2006,2/6/2006,"Snohomish County, Washington",WECC,Strong Winds,150,"123,827"
2/11/2006,2/14/2006,Baltimore Metropolitan and Central Maryland,RFC,Major Snow Storm,500,"180,000"
2/12/2006,2/14/2006,Entire Atlantic City Electric territory Southern New Jersey,RFC,Winter Snow/Ice Storm,80,"130,000"
2/12/2006,2/12/2006,Northern and Northwestern Virginia,RFC,Severe Snow Storm,250,"126,000"
2/12/2006,2/14/2006,"Washington DC, Montgomery and Prince Georges Counties MD",RFC,Major Snow Storm,300,"60,000"
2/12/2006,2/13/2006,Entire Delmarva Power service territory,RFC,Winter Snow/Ice Storm,50,"58,000"
2/16/2006,2/20/2006,"Muskegon, Michigan easterly to Bay City, Michigan",RFC,Severe Thunderstorm/ Snow/Ice Storm,100,"252,089"
2/17/2006,2/17/2006,Upstate New York,NPCC,Severe Weather,250,"200,000"
2/27/2006,3/1/2006,Northern and Central California,WECC,Severe Winter Storm,-,"160,000"
3/9/2006,3/9/2006,"Arkansas, Mississippi, Louisiana, Southeast Texas",SERC,Severe Weather,N/A,"73,000"
3/12/2006,3/14/2006,"Springfield, Illinois and vicinity",RFC,Severe Weather,200,"65,400"
4/2/2006,4/5/2006,Southern half of Indiana,RFC,Major Storms/Tornadoes,"1,000","186,000"
4/8/2006,4/8/2006,North and Central Alabama and Northern Georgia areas,SERC,Severe Weather/ Tornadoes,300,"115,589"
5/3/2006,5/3/2006,City of Bakersfield area,WECC,Transmission Equipment Failure/Fire,300,"55,655"
5/25/2006,5/27/2006,"Southwest Ohio, Northern Kentucky, Central Indiana",RFC,Severe Weather,800,"210,000"
6/1/2006,6/3/2006,"Chester, Montgomery, Delaware, Philadelphia and Bucks Counties, Pennsylvania",RFC,Severe Weather,N/A,"111,555"
6/1/2006,6/3/2006,Central Maryland,RFC,Severe Thunderstorms,335,"70,000"
6/11/2006,6/11/2006,"Charlotte, North Carolina Metropolitan area",SERC,Severe Thunderstorm,70,"72,000"
6/22/2006,6/27/2006,Ohio and Indiana,RFC,Severe Thunderstorms,750,"195,000"
7/2/2006,7/3/2006,Northern Virginia,RFC,Severe Thunderstorms,300,"75,000"
7/4/2006,7/4/2006,Northern Virginia,RFC,Severe Thunderstorms,335,"67,000"
7/16/2006,7/21/2006,Middle 1/3 of Michigan Lower Peninsula,RFC,Severe Lightning Storms,150,"315,000"
7/17/2006,7/18/2006,Northern Counties of Illinois,RFC,Severe Lightning Storms,N/A,"170,519"
7/17/2006,7/25/2006,"Northwest Queens, New York City",NPCC,Severe Weather/Public Appeals Made/Voltage Reduction,N/A,"25,000"
7/18/2006,7/23/2006,"Chester, Montgomery, Delaware, Philadelphia and Bucks Counties, Pennsylvania",RFC,Severe Lightning Storms,N/A,"492,955"
7/19/2006,7/31/2006,Greater St. Louis Metropolitan area (Missouri and Illinois),MRO,Severe Storms (3) (Many customers experienced multiple outages.),"1,500","700,000"
7/19/2006,7/19/2006,"Greater Little Rock, Arkansas",SERC,Load Reduction/Public Appeals Made,40,"8,000"
7/22/2006,7/27/2006,California,WECC,Widespread Heat Wave/Public Appeals Made,200,"1,271,893"
7/27/2006,7/29/2006,"Chester, Montgomery, Delaware, Philadelphia and Bucks Counties, Pennsylvania",RFC,Severe Thunderstorms,N/A,"167,564"
8/2/2006,8/3/2006,New England,NPCC,Severe Thunderstorms,100-140,"77,000"
8/10/2006,8/12/2006,Southwest Idaho and Eastern Oregon,WECC,Severe Thunderstorm,80 to 100,"65,000"
9/1/2006,9/3/2006,Virginia and North Carolina,SERC,Tropical Storm Ernesto,500,"333,000"
9/1/2006,9/4/2006,"Chester, Montgomery, Delaware, Philadelphia and Bucks Counties, Pennsylvania",RFC,Tropical Storm Ernesto,N/A,"146,094"
9/1/2006,9/4/2006,Southern Delmarva Peninsula,RFC,Tropical Storm Ernesto,380,"105,000"
9/1/2006,9/4/2006,Southern New Jersey Counties,RFC,Tropical Storm Ernesto,400,"100,000"
9/1/2006,9/1/2006,Eastern North Carolina,SERC,Tropical Storm Ernesto,N/A,"61,000"
9/28/2006,9/28/2006,"North, Central and Eastern Virginia and Northern North Carolina",SERC,Severe Thunderstorms,84,"56,500"
10/2/2006,10/3/2006,"Chicago Metro, Northeast Illinois",RFC,Severe Thunderstorms,N/A,"471,932"
10/2/2006,10/2/2006,"Newhall, San Frenando, Saugus, and Santa Clarita, California",WECC,Shed Firm Load,308,"130,000"
10/12/2006,10/23/2006,Western New York State,NPCC,Snow Storm,600,"250,000"
10/12/2006,10/21/2006,Western New York State,NPCC,Snow Storm,353,"120,000"
10/20/2006,10/22/2006,"Chester, Montgomery, Delaware, Philadelphia and Bucks Counties, Pennsylvania",RFC,High Winds,N/A,"90,000"
10/26/2006,10/27/2006,"Metro Denver and Boulder, Colorado",MRO,Wet Snow/Winds,N/A,"65,000"
11/15/2006,11/15/2006,Georgia,SERC,Severe Weather,363,"109,000"
11/15/2006,11/19/2006,"Whatcom and Skagit Counties, Washington",WECC,High Winds,50,"50,000"
11/26/2006,12/2/2006,"Snohomish County, Washington",WECC,Wind/Snow Storm,180,"63,992"
11/30/2006,12/9/2006,Missouri and Illinois,MRO,Ice Storm,N/A,"550,000"
12/1/2006,12/2/2006,Ohio,RFC,Wind Storm,N/A,"59,106"
12/13/2006,12/28/2006,Western Washington,WECC,Wind Storm,N/A,"700,000"
12/14/2006,12/17/2006,"Oregon Counties: Multnomah, Clackamas, Washington, Marion",WECC,High Winds,N/A,"249,500"
12/14/2006,12/15/2006,"City of Seattle, Washington",WECC,Wind Storm,750,"175,000"
12/14/2006,12/20/2006,"Snohomish County, Washington",WECC,Wind Storm,360,"172,060"
12/14/2006,12/16/2006,Washington,WECC,High Winds,280,"75,000"
12/14/2006,12/31/2006,"Oregon, Washington, Idaho, Montana",WECC,Wind Storm,258,24
12/16/2006,12/17/2006,"Oregon Counties:  Washington, Yamhill",WECC,Transmission Equipment/Fire,350,"84,500"
12/26/2006,12/31/2006,Northern California,WECC,Severe Weather,420,"850,068"
1/13/2007,1/19/2007,Missouri and Illinois,MRO,Ice Storm,N/A,"225,000"
1/13/2007,1/19/2007,Eastern and Lower Michigan,RFC,Ice Storm,500,"129,607"
1/16/2007,1/17/2007,"Snohomish County, Washington",WECC,Major Windstorm,260,"110,433"
2/13/2007,2/16/2007,Indiana and Southwest Ohio,RFC,Ice/Wind Storm,250,"367,500"
2/13/2007,2/17/2007,Central Maryland,RFC,Winter Storm,400,"155,183"
2/24/2007,2/25/2007,"Cedar Rapids, Iowa",RFC,Ice Storm,750,"215,000"
2/24/2007,2/24/2007,Central Iowa and Cedar Rapids areas,MRO,Ice Storm,400,"140,000"
2/24/2007,3/4/2007,"NE quarter of State of Iowa and Rock Island, Illinois",MRO,Ice Storm,210,"75,000"
2/28/2007,3/2/2007,Northern California,WECC,Winter Storm,110,"671,189"
3/1/2007,3/2/2007,"Parts of Alabama, Mississippi, Georgia, Florida",SERC,Major Storm,95,"25,445"
4/5/2007,4/6/2007,Southern and Coastal Maine,NPCC,Heavy Snow Storm,-,"117,142"
4/12/2007,4/12/2007,"City of Los Angeles, California",WECC,High Winds,200,"158,977"
4/14/2007,4/14/2007,"Massachusetts, New Hampshire, Rhode Island",NPCC,High Winds,65-80,"70,000"
4/16/2007,4/16/2007,"North, East and Central Virginia/Parts of Northeast North Carolina",SERC,High Winds,90,"242,000"
4/16/2007,4/18/2007,Central Maryland - Baltimore City and surrounding Counties,RFC,Severe Thunderstorms,160,"138,000"
4/16/2007,4/18/2007,Southern and Coastal Maine,NPCC,Heavy Snow Storm,-,"127,545"
4/16/2007,4/16/2007,New Hampshire,NPCC,Severe Thunderstorms,-,"102,568"
4/16/2007,4/16/2007,North and South Carolina,SERC,HIgh Winds,-,"33,000"
5/15/2007,5/17/2007,Southeastern Michigan,RFC,Severe Thunderstorms,500,"66,000"
5/16/2007,5/19/2007,All of Connecticut,NPCC,Severe Storm,-,"67,000"
6/5/2007,6/5/2007,Southwest Idaho and Eastern Oregon,WECC,Load Shedding,424,"80,000"
6/27/2007,6/27/2007,"Northern Manhattan NY (Yorkville) and SW Bronx (Motthaven, Melrose, High Bridge Sections)",NPCC,Lightning,460,"137,000"
6/29/2007,6/29/2007,Metropolitan Phoenix Area,WECC,Loss of Load,399,"98,700"
7/5/2007,7/8/2007,Southeastern Michigan,RFC,Severe Storm,-,"69,000"
7/10/2007,7/12/2007,Eastern New York,NPCC,Major Storms,650,"300,000"
7/18/2007,7/19/2007,Northern Counties of Illinois,RFC,Severe Weather,300,"135,000"
7/19/2007,7/19/2007,"North, East and Central Virginia",SERC,Major Storms,72,"107,000"
7/19/2007,7/22/2007,Southwestern Region of Service Territory,RFC,Major Storm,-,"60,000"
8/9/2007,8/9/2007,"Highland Area of Pittsburgh, Pennsylvania",RFC,Severe Thunderstorms,90,"55,000"
8/13/2007,8/14/2007,State of Missouri,SERC,Severe Thunderstorm,N/A,"63,000"
8/16/2007,8/17/2007,Virginia and Eastern North Carolina - Primarily in Central Virginia,SERC,Severe Weather,200,"93,300"
8/19/2007,8/20/2007,Central and Eastern Virginia,SERC,Severe Thunderstorms,100,"58,500"
8/23/2007,8/28/2007,Northern Illinois,RFC,Severe Storms,N/A,"629,590"
8/24/2007,8/28/2007,Southeastern Michigan,RFC,Severe Storm,N/A,"75,000"
8/29/2007,8/29/2007,Modesto California and the Surrounding Areas,WECC,Shed Load,180,"26,000"
9/13/2007,9/14/2007,"Between Galveston and Beaumont, Texas",SPP,Hurricane Humberto,N/A,"118,000"
9/17/2007,9/17/2007,"City of Crawfordsville, Indiana",RFC,Electrical System Separation,50,"9,600"
9/18/2007,9/18/2007,"Minnesota, Wisconsin, North Dakota, South Dakota and Michigan",MRO,Electrical System Separation/Load Shedding/ Implemented Emergency Alert/Severe Storms,16,"6,000"
10/18/2007,10/22/2007,Western Washington,WECC,High Winds,N/A,"160,000"
10/22/2007,10/22/2007,Southern California,WECC,Brush Fire/Load Shedding,700,"300,000"
10/22/2007,10/22/2007,Southern California,WECC,Brush Fire/Load Shedding/Implemented Emergency Alert,451,"90,323"
10/22/2007,10/22/2007,"San Diego County, California",WECC,Brush Fire/Load Shedding,199,"68,780"
10/26/2007,10/26/2007,"Riverside, California",WECC,Load Shedding,240,"104,000"
10/26/2007,10/26/2007,Southern Califonia,WECC,Brush Fire/Load Shedding,280,"20,345"
11/3/2007,11/4/2007,"Eastern Massachusetts, Rhode Island, Cape Cod",NPCC,Tropical Storm,100,"62,843"
12/10/2007,12/19/2007,"Tulsa, Oklahoma",SPP,Ice Storm,N/A,"256,663"
12/11/2007,12/20/2007,Eastern half of the State of Kansas,MRO,Ice Storm,500,"95,000"
12/23/2007,12/23/2007,The Entire ComEd Service Territory,RFC,Severe Storm,N/A,"237,000"
12/23/2007,12/25/2007,Lower 2/3 of Michigan Lower Peninsula,RFC,Winter Storm,50,"134,288"
1/4/2008,1/14/2008,Northern California,WECC,Winter Storm,500,"2,606,931"
1/4/2008,1/4/2008,Sacramento County,WECC,Severe Storm,300,"150,000"
1/29/2008,2/3/2008,"Arkansas, Mississippi, North Louisiana",SERC,Severe Thunderstorms,N/A,"110,000"
1/29/2008,2/1/2008,Southeastern Michigan,RFC,Wind/Ice Storm,N/A,"86,915"
1/29/2008,1/30/2008,"South Metropolitan Areas of Dayton, OHio",RFC,High Winds,380,"45,000"
1/30/2008,2/1/2008,"Western, New York",NPCC,High Winds,50,"54,316"
2/5/2008,2/6/2008,State of Kentucky,SERC,Severe Weather,N/A,"76,000"
2/6/2008,2/6/2008,Mid to West Tennessee,SERC,Severe Weather,N/A,"57,000"
2/10/2008,2/10/2008,"Virginia, West Virginia, Ohio, Pennsylvania",RFC,High Winds,N/A,"212,560"
2/10/2008,2/10/2008,Dominion Service Territory,SERC,High Winds,170,"114,618"
2/10/2008,2/12/2008,"Southwestern Pennsylvania, West Virginia, Virginia, Maryland",RFC,Severe Weather,412,"100,969"
2/10/2008,2/14/2008,Virginia and West Virginia Area of AEP,RFC,High Winds,N/A,"97,342"
2/10/2008,2/11/2008,"Greenboro, North Carolina and I-40 Corridor",SERC,High Winds,300,"50,718"
2/12/2008,2/15/2008,"Arkansas, Mississippi, Louisiana",SERC,Severe Weather,N/A,"54,000"
2/13/2008,2/14/2008,State of Maine,NPCC,Ice Storm,50,"50,462"
2/14/2008,2/14/2008,Utah,WECC,Load Shedding,"2,818","74,031"
2/15/2008,2/15/2008,"Antioch, California",WECC,Electrical System Separation,10,"10,008"
2/26/2008,2/26/2008,Primary Dade County Florida,FRCC,Transmission Equipment Failure,"3,200","584,384"
2/26/2008,2/26/2008,Southern Service Area/Alabama and Georgia,SERC,Thunderstorms,484,"145,380"
2/26/2008,2/26/2008,FRCC Region-West Coast Florida,FRCC,Shed Firm Load,120,"56,000"
2/26/2008,2/26/2008,Tampa Electric Service Territory,FRCC,Under Frequency/Load Shedding,318,"53,965"
2/26/2008,2/26/2008,Various Cities in Florida,FRCC,Under Frequency/Load Shedding,140,"47,661"
3/4/2008,3/4/2008,North and South Carolina,SERC,Thunderstorms,300,"55,267"
3/8/2008,3/10/2008,"Chester, Montgomery, Delaware, Philadelphia and Bucks County, Pennsylvania",RFC,Severe Weather,N/A,"168,449"
3/8/2008,3/8/2008,Virginia and Eastern Part of North Carolina,SERC,Windstorm,210,"141,130"
3/15/2008,3/16/2008,Parts of Alabama and Georgia,SERC,Major Storm,200,"157,744"
4/4/2008,4/4/2008,"Arkansas, North Louisiana, Mississippi",SERC,Severe Thunderstorms,N/A,"122,600"
4/9/2008,4/13/2008,"North, Central and East Texas",TRE,Severe Weather,N/A,"488,689"
5/11/2008,5/12/2008,Georgia,SERC,Severe Thunderstorms,100,"80,539"
5/11/2008,5/11/2008,"City of Crawfordsville, Indiana",RFC,Electric System Separation,47,"9,700"
5/12/2008,5/14/2008,"Cape May, Cumberland, Gloucester, Salem, Camden, Atlantic, Burliington  Counties, New Jersey",RFC,Severe Storm,55,"135,000"
5/27/2008,5/27/2008,South West Connecticut,NPCC,Lightning Storm,130,"56,400"
5/30/2008,5/30/2008,Northern and Western Counties of Illinois,RFC,Severe Storms,N/A,"109,000"
5/30/2008,6/4/2008,"Northeastern Marion County, Indiana",RFC,Severe Thunderstorms,N/A,"70,000"
6/3/2008,6/7/2008,"Maryland, West Virginia, Virginia",RFC,Severe Weather,634,"157,168"
6/4/2008,6/5/2008,Northern Virginia,SERC,Thunderstorms,850,"253,800"
6/4/2008,6/5/2008,"Montgomery, Prince Georges,  Maryland, Washington, D.C.",RFC,Lightning Storm,N/A,"249,408"
6/4/2008,6/7/2008,Entire BGE Service Territory,RFC,Severe Storms,N/A,"108,000"
6/6/2008,6/12/2008,Lower 2/3 of Michigan's Lower Peninsula,RFC,Lightning Storm,100,"358,000"
6/8/2008,6/16/2008,Southwestern Michigan (DECO Service Territory),RFC,Severe Storm,500,"150,000"
6/8/2008,6/9/2008,The Entire ComEd Territory,RFC,Severe Weather,N/A,"125,000"
6/9/2008,6/9/2008,"Area Around West Orange Switching Station, New Jersey",RFC,Fire/Breaker Failure,215,"75,654"
6/9/2008,6/9/2008,Entergy System,SERC,Indequate Electric Resources to Serve Load,300,19
6/10/2008,6/14/2008,"Bergen, Essex and Hudson Counties, New Jersey",RFC,Severe Storms,N/A,"248,800"
6/10/2008,6/14/2008,"Chester, Montgomery, Delaware, Philadelphia and Bucks County, Pennsylvania",RFC,Severe Thunderstorms,N/A,"198,000"
6/10/2008,6/13/2008,Upstate New York,NPCC,Severe Storm,400,"68,000"
6/10/2008,6/11/2008,All Six New England States,NPCC,Storm,50,"60,000"
6/10/2008,6/10/2008,Entergy System,SERC,Inadequate Electric Resources to Serve Load,300,19
6/11/2008,6/11/2008,New York State,NPCC,Uncontrolled Loss,200,"61,000"
6/12/2008,6/18/2008,East Central Iowa,RFC,Flooding and Uncontrolled Loss,200,"21,000"
6/15/2008,6/15/2008,The Entire ComEd Territory,RFC,Severe Weather,N/A,"165,000"
6/15/2008,6/15/2008,"City of Crawfordsville, Indiana",RFC,Electrical System Separation,57,"9,700"
6/16/2008,6/16/2008,Northern Virginia,SERC,Thunderstorms,900,"115,000"
6/17/2008,6/19/2008,"North, Central and East Texas",TRE,Severe Thunderstorms,N/A,"234,393"
6/17/2008,6/17/2008,"Texas Panhandle and Texas South Plains Regions, and Oklahoma Panhandle",TRE,Thunderstorms/Uncontrolled Loss of Load,276,"37,330"
6/17/2008,6/18/2008,Texas and New Mexico,SPP,Electrical System Separation/Severe Thunderstorms,560,"18,000"
6/21/2008,6/21/2008,"Near Rogers Flat, California",WECC,Electrical System Separation/Severe Lightning Storms,3,477
6/23/2008,6/23/2008,"Pinellas County, Florida",FRCC,Transmission Equipment Failure/Load Shedding,113,"32,593"
6/26/2008,6/26/2008,Southeastern Michigan (DTE Service Territory),RFC,Thunderstorms,N/A,"53,000"
6/27/2008,6/27/2008,"Omaha, Nebraska (Metro Area)",MRO,Severe Wind Storm,650,"126,000"
7/2/2008,7/6/2008,Lower 2/3 of Michigan's Lower Peninsula,RFC,Severe Weather,125,"239,663"
7/2/2008,7/2/2008,"Santa Barbara County, California, near Goleta",WECC,Wild Land Fire,208,"200,000"
7/2/2008,7/3/2008,Southeastern Michigan (DTE Service Territory),RFC,Thunderstorms,N/A,"56,000"
7/2/2008,7/3/2008,Goleta and Santa Barbara Areas of Southern California,WECC,Brush Fire/Lines Loss/Transmission Emergency Declared,119,"37,784"
7/21/2008,7/22/2008,"Sioux City, Carroll, Des Moines, Iowa City, and Davenport Iowa, Rock Island, Moline, and Surrounding Area of Illinois",MRO,Storm,170,"185,000"
7/22/2008,7/24/2008,Indiana,RFC,Severe Thunderstorms,N/A,"58,000"
7/22/2008,7/23/2008,Southwest Ohio,RFC,Severe Thunderstorms,N/A,"56,000"
7/23/2008,7/31/2008,"Port Isabel, Harlingen, Weslaco, Pharr, San Benito, Mission, McAllen, Edinburg, Texas",TRE,Hurricane Dolly,703,"211,266"
7/24/2008,7/24/2008,"Bangor Hydro System, northern Maine",NPCC,Electric System Separation/Severe Lightning Storms,180,"110,000"
8/2/2008,8/3/2008,Georgia and Alabama,SERC,Severe Thunderstorms,400,"131,115"
8/3/2008,8/3/2008,"Mississippi, Louisiana, Texas",SERC,Severe Thunderstorms,N/A,"59,500"
8/4/2008,8/6/2008,The ComEd Territory,RFC,Severe Weather,N/A,"653,000"
8/5/2008,8/5/2008,Northwest Indiana,RFC,Severe Storms,0,"63,000"
8/15/2008,8/15/2008,Part of Seattle's Downtown,WECC,Made Public Appeals,100,"8,000"
8/16/2008,8/16/2008,City of Lubbock,TRE,Lightning/Transmission Equipment Damage,153,"71,823"
8/19/2008,8/22/2008,Florida,FRCC,Tropical Storm Fay,N/A,"101,950"
8/24/2008,8/24/2008,Georgia and Alabama,SERC,Tropical Storm Fay,110,"87,390"
8/31/2008,9/3/2008,"Louisiana, Mississippi, Arkansas",SERC,Hurricane Gustav,N/A,"964,000"
9/1/2008,9/10/2008,"Bayou Division and North Lake Division, Louisiana",SERC,Hurricane Gustav,N/A,"246,092"
9/1/2008,9/13/2008,Primarily South and Central Louisiana,SERC,Hurricane Gustav,400,"150,000"
9/6/2008,9/6/2008,North East North Carolina and Virginia,SERC,Tropical Storm Hanna,220,"64,463"
9/6/2008,9/6/2008,Eastern North Carolina,SERC,Tropical Storm Hanna,N/A,"57,000"
9/12/2008,10/1/2008,Greater Houston Area-Eastern Region of ERCOT,TRE,Hurricane Ike,N/A,"2,504,366"
9/12/2008,10/1/2008,Greater Houston-Galveston Metro Area,TRE,Hurricane Ike,"8,087","2,142,678"
9/12/2008,9/14/2008,"Primarily Southeast Texas, Louisiana, and Arkansas",SERC,Hurricane Ike,N/A,"705,000"
9/12/2008,9/27/2008,Galveston and Brazoria Counties,TRE,Hurricane Ike,650,"113,247"
9/13/2008,9/15/2008,"North, Central and East Texas",TRE,Hurricane Ike,N/A,"238,392"
9/13/2008,9/16/2008,Texas and Louisana,SPP,Hurricane Ike,N/A,"184,501"
9/13/2008,9/27/2008,Southwest Louisiana,SERC,Hurricane Ike,40,"50,000"
9/14/2008,9/14/2008,"Ohio, Kentucky, Indiana",RFC,Tropical Depression Ike,N/A,"875,000"
9/14/2008,9/20/2008,"Northern Indiana, Central and Central Southern Ohio",RFC,Wind Storm,N/A,"650,000"
9/14/2008,9/22/2008,"Southern, Eastern, and Central Ohio",RFC,Wind Storm,469,"564,728"
9/14/2008,9/14/2008,State of Kentucky,RFC,Tropical Depression Ike,N/A,"375,000"
9/14/2008,9/22/2008,Northeast Ohio,RFC,Wind Storm,430,"245,164"
9/14/2008,9/19/2008,Western Pennsylvania,RFC,Wind Storm,72,"124,596"
9/14/2008,9/18/2008,Missouri and Illinois,MRO,Hurricane Ike,N/A,"107,000"
9/14/2008,9/14/2008,Allegheny and Beaver Counties in Pennsylvania,RFC,Tropical Depression Ike,600,"105,000"
9/14/2008,9/17/2008,Dayton Ohio Area,RFC,Hurricane Ike,"1,000","95,000"
9/14/2008,9/21/2008,"City of Owensboro, Kentucky",RFC,High Winds,70,"18,000"
9/15/2008,9/19/2008,Western Pennsylvania,RFC,Tropical Depression Ike,546,"160,875"
9/30/2008,9/30/2008,"Plumas County, California",WECC,Electrical System Separation,30,"10,000"
10/25/2008,10/27/2008,Connecticut,NPCC,Severe Storm,N/A,"52,000"
11/7/2008,11/7/2008,Southern California,WECC,Load Shedding,430,"400,000"
11/7/2008,11/7/2008,Goleta and Santa Barbara Areas of Southern California,WECC,Load Shedding,250,"140,000"
11/15/2008,11/15/2008,City of Los Angeles,WECC,Brush Fire/Shed Firm Load,211,"115,500"
12/2/2008,12/2/2008,"St. Louis, Missouri",RFC,Fire/Load Shedding,135,"53,000"
12/9/2008,12/10/2008,Central New Jersey,RFC,Lines Loss/Transmission,438,"156,729"
12/10/2008,12/10/2008,Southern Oregon,WECC,Equipment Failure/Made Public Appeal,32,3
12/11/2008,12/13/2008,"Southern Louisiana, Southern and Central Mississippi",SERC,Snow Storm,N/A,"91,300"
12/11/2008,12/15/2008,Northern Dutchess County and Western Ulster County in the Mid-Hudson Region of New York State,NPCC,Ice Storm,N/A,"60,000"
12/12/2008,12/22/2008,New England,NPCC,Ice Storm,N/A,"970,000"
12/12/2008,12/19/2008,Eastern New York,NPCC,Ice Storm,200,"190,000"
12/12/2008,12/14/2008,Southern and Central Maine,NPCC,Ice Storm,N/A,"169,757"
12/19/2008,12/22/2008,"Indiana, Michigan and Northwest Ohio",RFC,Ice Storm,N/A,"140,000"
12/19/2008,12/20/2008,Northwest Indiana,RFC,Ice Storm,N/A,"50,000"
12/19/2008,12/19/2008,"East of Oroville, California",WECC,Electrical System Separation,1,638
12/26/2008,12/26/2008,"Orangevale Area of Sacramento, California",WECC,Load Shedding,110,"50,000"
12/27/2008,1/1/2008,Southeastern Michigan,RFC,Wind Storm,N/A,"247,847"
12/28/2008,12/28/2008,Michigan Lower Peninsula,RFC,Wind Storm,N/A,"230,000"
12/28/2008,12/31/2008,Michigan Lower Peninsula,RFC,Wind Storm,N/A,"210,517"
12/30/2008,12/30/2008,"Crawfordsville, Indiana",RFC,Shed Firm Load,41,"9,700"
1/5/2009,1/6/2009,North and Central Texas,TRE,Severe Storm,N/A,"157,019"
1/7/2009,1/7/2009,Piedmont of North and South Carolina,SERC,High Winds,300,"70,000"
1/8/2009,1/9/2009,Florida Keys,FRCC,Transmission Equipment Failure,55,"31,000"
1/22/2009,1/22/2009,"Crawfordsville, Indiana",RFC,Shed Load,50,"9,700"
1/27/2009,1/29/2009,State of Kentucky,RFC,Ice Storm,N/A,"383,000"
1/27/2009,1/29/2009,Northern Arkansas,SERC,Ice Storm,600,"215,700"
1/27/2009,1/31/2009,Central and Eastern Kentrucky,SERC,Ice Storm,600,"190,000"
1/27/2009,2/3/2009,Northern Arkansas,SERC,Ice Storm,N/A,"111,818"
1/27/2009,1/30/2009,South Central and Southeast Missouri,SERC,Winter Storm,200,"62,500"
1/27/2009,1/29/2009,CSWS-AEP West,RFC,Ice/Snow Storm,N/A,"59,402"
1/27/2009,2/4/2009,Western Kentucky and Southern Indiana,SERC,Ice Storm,350,3
1/27/2009,1/27/2009,TVA Service Territory,SERC,Ice Storm,850,1
1/28/2009,2/13/2009,"Illinois, Indiana, Ohio and Kentucky",RFC,Winter Storm,N/A,"230,300"
1/28/2009,2/5/2009,Northeast Tennessee and Southwest Kentucky,SERC,Ice Storm,N/A,"109,527"
1/28/2009,2/5/2009,"Indiana, Evansville, Metro Area",RFC,Ice Storm,506,"75,000"
1/28/2009,2/13/2009,Southern Indiana,RFC,Ice/Snow Storm,N/A,"53,700"
1/28/2009,1/30/2009,Northern Kentucky and Southwest Ohio,RFC,Ice/Snow Storm,N/A,"53,600"
1/28/2009,2/7/2009,Kentucky,RFC,Ice Storm,21,"3,500"
1/28/2009,1/30/2009,East Central Missouri,RFC,Winter Storm,300,1
2/11/2009,2/16/2009,"Maryland, Virginia, West Virginia and Pennsylvania",RFC,Severe Thunderstorms,N/A,"374,644"
2/11/2009,2/13/2009,"Kentucky, West Virginia and Ohio",RFC,Severe Thunderstorms,N/A,"279,813"
2/11/2009,2/12/2009,State of Kentucky,RFC,Severe Thunderstorms,N/A,"78,000"
2/11/2009,2/11/2009,"Houston, Texas",TRE,High Winds,350,"64,801"
2/11/2009,2/12/2009,Northern Kentucky and Southwest Ohio,RFC,Severe Thunderstorms,350,"63,000"
2/12/2009,2/12/2009,Central and Eastern Ohio,RFC,High Winds,168,"184,000"
2/12/2009,2/15/2009,Western and North Eastern Pennsylvania,RFC,High Winds,130,"132,000"
2/13/2009,2/15/2009,Central and Eastern Ohio,RFC,High Winds,168,"184,000"
2/23/2009,2/24/2009,Southern Central and Western Maine,NPCC,Ice/Snow Storm,N/A,"131,000"
3/1/2009,3/3/2009,Central Virginia - Spotsylvania County,SERC,Winter Storm,210,"217,000"
3/1/2009,3/3/2009,Duke Energy Carolinas Balance Authority,SERC,Ice/Snow Storm,"1,000","180,000"
3/1/2009,3/1/2009,"City of El Paso, Texas, County of El Paso",WECC,Transmission Equipment Failure,250,"132,000"
3/1/2009,3/1/2009,Southern Balancing Area,SERC,Severe Weather,75,"60,000"
4/6/2009,4/8/2009,"Michigan, Lower Peninsula",RFC,Winter Storm,75,"70,793"
4/10/2009,4/11/2009,Alabama and Georgia,SERC,Severe Thunderstorms,162,"56,679"
4/23/2009,4/24/2009,"Skagit County, Washington",WECC,Transmission Tripped,244,"93,300"
4/24/2009,4/24/2009,"Ruston, Louisiana",SERC,Complete Electric System Failure,32,"11,000"
4/25/2009,4/29/2009,Western Region of Service Territory,RFC,High Winds/Rain,N/A,"125,000"
4/27/2009,4/28/2009,Greater Houston/Galveston Area,TRE,High Winds,176,"158,000"
5/8/2009,5/8/2009,SW Missouri,SERC,Severe Thunderstorm,266,"83,000"
5/8/2009,5/14/2009,Southern Illinois,SERC,Severe Thunderstorm,300,"68,800"
5/29/2009,5/29/2009,"Henderson County, Kentucky",SERC,Transmission Equipment Failure,342,1
6/5/2009,6/5/2009,East of Fresno California,WECC,Electrical System Separation,1,70
6/9/2009,6/11/2009,Central Maryland,RFC,Severe Thunderstorms,60,"85,091"
6/10/2009,6/14/2009,North and Central Texas,TRE,Severe Storms,N/A,"800,000"
6/12/2009,6/12/2009,"Chattanooga, Tennessee",SERC,Severe Storm,860,"136,000"
6/12/2009,6/13/2009,Georgia,SERC,Severe Thunderstorm,290,"102,000"
6/12/2009,6/15/2009,"Arkansas, North Mississippi",SERC,Severe Thunderstorms,N/A,"81,645"
6/19/2009,6/19/2009,The Entire ComEd Service Territory,SERC,Severe Storm,N/A,"245,000"
6/19/2009,6/21/2009,Michigan Lower Peninsula,RFC,Severe Storm,75,"99,000"
6/25/2009,6/28/2009,Western Region of Service Territory,RFC,High Winds/Rain,N/A,"118,000"
6/26/2009,6/27/2009,"Southwest Ohio, Northern Kentudky, Central and Southern Indiana",RFC,Severe Thunderstorms,327,"85,000"
6/26/2009,6/29/2009,Central Connecticut,NPCC,Severe Thunderstorms,N/A,"50,752"
7/18/2009,7/19/2009,Houston/Galveston Area,TRE,Thunderstorms,51,"73,000"
7/20/2009,7/22/2009,"Metro Denver (Jefferson, Adams, and Arapahoe Counties)",WECC,Severe Thunderstorm,150,"86,058"
7/21/2009,7/21/2009,"San Francisco Bay Area, California",WECC,Unit Tripped,136,1
8/2/2009,8/3/2009,"Chester, Montgomery, Delaware, Philadelphia and Bucks Counties, Pennsyvania",RFC,Highwinds,N/A,"70,264"
8/4/2009,8/8/2009,"Northern Kentucky, Southwest Ohio and Central and South Indiana",RFC,Thunderstorms,50,"63,700"
8/7/2009,8/11/2009,Western Region of Service Territory,RFC,High Winds and Rain,N/A,"137,000"
8/9/2009,8/10/2009,"Michigan, Lower Peninsula",RFC,Severe Thunderstorms,N/A,"58,156"
8/12/2009,8/12/2009,South Houston Service Area,TRE,Thunderstorms,491,"73,000"
8/21/2009,8/22/2009,Houston Metropolitan Service Area,TRE,Thunderstorms,544,"80,000"
8/29/2009,8/29/2009,Western South Dakota,MRO,Electrical System Separation,373,18
10/7/2009,10/9/2009,Southeast Michigan,RFC,Severe Storms,N/A,"75,000"
10/9/2009,10/11/2009,Arkansas and North Louisiana,SERC,Winter Storm,N/A,"56,000"
10/13/2009,10/13/2009,Northern California,WECC,High Winds and Rain,350,"859,554"
10/13/2009,10/13/2009,Sacramento County,WECC,High Winds,90,"94,000"
10/13/2009,10/13/2009,Southeastern Wyoming,WECC,Ice,101,"35,500"
11/12/2009,11/14/2009,"Southeastern Virginia, Northeastern North Carolina",SERC,Tropical Storm Ida,400,"335,000"
12/8/2009,12/10/2009,Arizona,WECC,Severe Weather,N/A,"140,000"
12/9/2009,12/10/2009,Ohio,RFC,Severe Weather,N/A,"48,102"
12/10/2009,12/12/2009,Michigan,RFC,Severe Weather,N/A,"65,562"
12/18/2009,12/25/2009,"West Virginia, Kentucky, Ohio",RFC,Severe Weather,N/A,"403,913"
12/18/2009,12/19/2009,Western North Carolina,SERC,Severe Weather,N/A,"47,000"
1/18/2010,1/28/2010,Northern and Central California,WECC,Severe Storm,290,"1,700,000"
1/19/2010,1/20/2010,San Diego and Orange Counties,WECC,Severe Storm,"2,650","50,000"
1/19/2010,1/19/2010,San Francisco,WECC,Severe Storm,300,"30,000"
1/20/2010,1/24/2010,"City of Los Angeles, California",WECC,Severe Storm,N/A,"147,223"
1/28/2010,2/2/2010,Oklahoma,SPP,Ice Storm,N/A,"68,705"
2/5/2010,2/13/2010,Southern NJ,RFC,Winter Storm,N/A,"221,000"
2/5/2010,2/7/2010,"Indiana, Ohio, W. Virginia and Virginia",RFC,Winter Storm,N/A,"102,225"
2/5/2010,2/12/2010,"District of Columbia, Prince Georges and Montgomery Co. MD",RFC,Winter Storm,N/A,"97,651"
2/5/2010,2/7/2010,North and South Carolina,SERC,Winter Storm,500,"74,000"
2/5/2010,2/12/2010,Southwestern Pennsylvania,RFC,Winter Storm,N/A,"57,000"
2/6/2010,2/7/2010,"Virginia, North Carolina",SERC,Winter Storm,600,"104,736"
2/6/2010,2/6/2010,Delmarva Peninsula,RFC,Winter Storm,N/A,"58,491"
2/9/2010,2/14/2010,Southeastern Pennsylvania,RFC,Winter Storm,N/A,"223,000"
2/11/2010,2/15/2010,Dallas/Fort Worth and East Texas,TRE,Winter Storm,N/A,"500,000"
2/12/2010,2/12/2010,"East Texas, Western Arkansas, Northern Lousiania",SPP,Winter Storm,N/A,"52,999"
2/14/2010,2/14/2010,Western Pennsylvania nd Northeast Central WV,RFC,Winter Storm,900,"190,000"
2/23/2010,2/25/2010,Upstate New York,NPCC,Winter Storm,N/A,"150,000"
2/25/2010,3/1/2010,Southern Maine and New Hampshire,NPCC,Winter Storm,510,"509,606"
2/25/2010,2/26/2010,"Southeastern New York, Northern New Jersey",,Winter Storm,N/A,"65,000"
2/25/2010,3/2/2010,New York City,NPCC,Winter Storm,N/A,"55,000"
3/13/2010,3/20/2010,"Southern, Central and Northern New Jersey",RFC,High Winds and Rain,100,"360,000"
3/13/2010,3/16/2010,Central New Jersey and Northern New Jersey,RFC,High Winds and Flooding,N/A,"180,000"
3/13/2010,3/16/2010,Southeasten Pennsylvania,RFC,High Winds and rain,N/A,"177,528"
3/13/2010,3/20/2010,New York City and Westchester County,NPCC,High Winds and Rain,N/A,"173,000"
3/13/2010,3/17/2010,Long Island,NPCC,High Winds and Rain,N/A,"153,000"
3/13/2010,3/15/2010,Connecticut,NPCC,High Winds and Rain,50,"50,246"
3/31/2010,4/1/2010,San Diego and Orange Counties,WECC,Shed Firm Load,324,"290,000"
4/16/2010,4/18/2010,Southwestern Pennsylvania,RFC,Severe Thunderstorms,15,"120,000"
4/27/2010,4/27/2010,"Rocky Mount, NC",SERC,Transmission System Interruption,N/A,"29,376"
5/2/2010,5/9/2010,Tennessee and Mississippi,SERC,Thunderstorms,N/A,"50,500"
6/1/2010,6/18/2010,Southwestern Indiana,RFC,Firm Load Shed,500,1
6/2/2010,6/4/2010,"San Antonio, TX",TRE,Severe Weather,N/A,"126,000"
6/6/2010,6/6/2010,Northern California,WECC,Electric System Separation,3,"2,650"
6/7/2010,6/8/2010,Denver Metropolitan Area,WECC,Firm Load Shed,300,"31,000"
6/8/2010,6/8/2010,Southeastern Texas,TRE,Thunderstorms,N/A,"79,741"
6/9/2010,6/9/2010,"Edenton, NC",SERC,Transmission System Interruption,N/A,"4,196"
6/18/2010,6/20/2010,"Chicago, IL",RFC,Severe Weather,N/A,"400,000"
6/18/2010,6/22/2010,"Detroit, MI",RFC,Severe Weather,N/A,"150,000"
6/18/2010,6/19/2010,Southern Portion of Lower Michigan,RFC,Thunderstorms,N/A,"100,000"
6/18/2010,6/20/2010,Northwest Indiana,RFC,Thunderstorms,N/A,"94,345"
6/18/2010,6/21/2010,"Indiana, Michigan",RFC,Severe Weather,N/A,"79,000"
6/21/2010,6/22/2010,"Cincinnati, OH",RFC,Thunderstorms,400,"50,636"
6/22/2010,6/22/2010,West/Central Arkansas,SERC,Made Public Appeal/Transmission Equipment Failure,84,"25,159"
6/23/2010,6/25/2010,"Chicago, IL",RFC,Severe Weather,N/A,"300,000"
6/23/2010,6/24/2010,Northwest Indiana,RFC,Thunderstorms,N/A,"53,000"
6/24/2010,6/29/2010,Southeastern Pennsylvania,RFC,Thunderstorms,N/A,"355,000"
6/24/2010,6/29/2010,Southwestern New Jersey,RFC,Thunderstorms,N/A,"150,000"
7/6/2010,7/6/2010,"Newark, DE",RFC,Transformer Outage,95,"18,400"
7/7/2010,7/7/2010,"York, South Central Pennsylvania",RFC,Loss of Transmission Equipment,N/A,"43,903"
7/15/2010,7/19/2010,Southeastern Michigan,RFC,Severe Weather,540,"127,534"
7/17/2010,7/19/2010,Minnesota,MRO,"Strong Winds, Tornadoes",N/A,"63,000"
7/21/2010,7/21/2010,Connecticut,NPCC,Thunderstorms,N/A,"50,100"
7/23/2010,7/26/2010,Southeastern Michigan,RFC,Severe Weather,400,"82,000"
7/25/2010,7/30/2010,"Washington, DC Region",RFC,Severe Weather,N/A,"297,700"
7/25/2010,7/27/2010,Central Maryland,RFC,Severe Weather,480,"124,000"
7/25/2010,7/25/2010,Northern Virginia,SERC,Severe Weather,900-1000,"81,000"
7/29/2010,7/29/2010,Virginia,SERC,Thunderstorms,N/A,"55,000"
8/4/2010,8/6/2010,"Ohio, West Virginia, Kentucky",RFC,Severe Weather,N/A,"37,000"
8/4/2010,8/7/2010,"Western Pennsylvania, Northwestern and Central West Virginia",RFC,Thunderstorms,60,"11,186"
8/5/2010,8/8/2010,Northern Virginia,RFC,Thunderstorms,N/A,"145,157"
8/5/2010,8/5/2010,"District of Columbia, Maryland",RFC,Thunderstorms,N/A,"76,729"
8/11/2010,8/11/2010,Ohio,RFC,Severe Weather,N/A,"57,000"
8/12/2010,8/12/2010,"District of Columbia, Maryland",RFC,Severe Weather,N/A,"101,003"
8/12/2010,8/12/2010,"City of Oshkosh, Wisconsin",MRO,Made Public Appeals,30,"7,600"
8/19/2010,8/23/2010,Southeastern Michigan,RFC,Severe Weather,340,"80,000"
8/23/2010,8/24/2010,"Houston, Texas",TRE,Severe Weather,746,"81,586"
9/1/2010,9/1/2010,"Pittsburg (Bay Area), California",WECC,Electrical System Separation (Islanding),31,"15,000"
9/7/2010,9/8/2010,"San Antonio, Texas",TRE,Tropical Storm,N/A,"340,350"
9/21/2010,9/22/2010,Central and Southern Michigan,RFC,Thunderstorms,N/A,"138,000"
9/22/2010,9/24/2010,Western Pennsylvania,RFC,Thunderstorms,389,"82,861"
9/22/2010,9/26/2010,"City of Pittsburgh, Pennsylvania",RFC,Thunderstorms,156,"52,000"
10/5/2010,10/7/2010,"City of Los Angeles, California",WECC,Rain and High Winds,N/A,"73,514"
10/26/2010,10/28/2010,Northern Illinois,RFC,Thunderstorms,N/A,"192,106"
10/26/2010,10/28/2010,Minnesota,MRO,High Winds,N/A,"70,000"
10/27/2010,10/29/2010,Michigan's Northerly Lower Peninsula,RFC,High Winds,240,"285,000"
10/27/2010,10/29/2010,Northern Illinois,RFC,High Winds,N/A,"127,000"
10/27/2010,10/27/2010,Northeast and North Central Wisconsin,MRO,High Winds,N/A,"63,000"
10/27/2010,10/27/2010,Northern California,WECC,Electrical System Separation-Islanding,16,"2,674"
11/6/2010,11/6/2010,Northern California,WECC,Electrical System Separation - Islanding,20,4
11/8/2010,11/8/2010,Maine,NPCC,Snow and High Winds,N/A,"60,863"
11/13/2010,11/14/2010,Minnesota,MRO,Winter Storm,N/A,"60,000"
11/15/2010,11/16/2010,Puget Sound Region,WECC,High Winds,391,"149,256"
11/21/2010,11/24/2010,Northern and Central California,WECC,Winter Storm,75,"60,000"
11/22/2010,11/24/2010,"Puget Sound Region, Washington",WECC,Winter Storm,420,"123,535"
11/23/2010,11/23/2010,Northern California,WECC,Electrical System Separation - Islanding,22,"7,077"
12/3/2010,12/4/2010,California,WECC,Electrical System Separation - Islanding,22,"7,077"
12/12/2010,12/15/2010,Southeastern Michigan,RFC,Severe Weather,210,"60,175"
12/14/2010,12/14/2010,California,WECC,Electrical System Separation - Islanding,9,"6,635"
12/18/2010,12/19/2010,"Redmond, Washington",WECC,Severe Weather,184,"92,090"
12/26/2010,12/26/2010,Carolina,SERC,Severe Weather,N/A,"42,000"
1/12/2011,1/12/2011,Massachusetts,NPCC,Winter Storm,N/A,"80,000"
1/13/2011,1/13/2011,North Florida,FRCC,Firm System Load Shed,150,"20,900"
1/26/2011,1/29/2011,Maryland,RFC,Winter Storm,N/A,"234,326"
1/26/2011,1/31/2011,"Montgomery and Prince George's County, Maryland and District of Columbia",RFC,Winter Storm,N/A,"210,000"
1/26/2011,1/27/2011,Northern Virginia,SERC,Winter Storm,600,"150,084"
1/31/2011,2/3/2011,Southwestern Ohio and Indiana,RFC,Ice Storm,996,"272,880"
2/1/2011,2/2/2011,Northern Illinois,RFC,Winter Storm,UNK,"190,000"
2/1/2011,2/3/2011,"Indiana, Ohio",RFC,Winter Storm,UNK,"158,013"
2/2/2011,2/3/2011,Texas,TRE,Generation Inadequacy/Load Shed,"4,000","1,069,730"
2/2/2011,2/4/2011,"Philadelphia area, Pennsylvania",RFC,Winter Storm,UNK,"213,000"
2/2/2011,2/2/2011,"Dona Ana and El Paso Counties, Texas and Hudspeth County, New Mexico",WECC,Generation Inadequacy/Load Shed,280,"178,000"
2/2/2011,2/2/2011,Central Arizona,WECC,Generation Inadequacy/Load Shed,"3,963","69,000"
2/3/2011,2/4/2011,Texas,TRE,Generation Inadequacy/Load Shed,400,"86,013"
2/9/2011,2/9/2011,"Western Houston, Texas",TRE,Winter Storm,399,"60,000"
2/17/2011,2/19/2011,Northern and Central California,WECC,Major Storm,91,"80,000"
2/19/2011,2/20/2011,"Philadelphia area, Pennsylvania",RFC,Major Storm,UNK,"118,000"
2/20/2011,2/23/2011,"Southern Lower Peninsula, Michigan",RFC,Winter Storm,262,"160,000"
2/25/2011,2/27/2011,Maryland,RFC,Severe Weather,UNK,"93,000"
2/25/2011,2/28/2011,Northern and Central California,WECC,Winter Storm,91,"80,000"
2/25/2011,2/25/2011,Virginia,SERC,Severe Weather,UNK,"50,000"
3/11/2011,3/11/2011,"Humboldt and Eureka, California",WECC,Generation Inadequacy/Load Shed,15,"6,800"
3/13/2011,3/14/2011,Oregon,WECC,Severe Weather,UNK,"9,000"
3/19/2011,3/24/2011,Northern and Central California,WECC,Major Storm,91,"128,000"
3/20/2011,3/21/2011,"Los Angeles, California",WECC,Major Storm,UNK,"79,000"
3/21/2011,3/21/2011,Southern California,WECC,Major Storm,150,"54,332"
3/23/2011,3/24/2011,"Indiana. Kentucky, Michigan, Ohio, Tennessee, Virginia, West Virginia",RFC,Major Storm,UNK,"60,596"
3/27/2011,3/27/2011,"Sonoma and Central Valley, California",WECC,Transmission Level Outage,295,"165,000"
3/31/2011,3/31/2011,"Greater Tampa Bay, Florida",FRCC,Severe Weather,206,"87,000"
3/31/2011,4/1/2011,Central and Western Florida,FRCC,Severe Weather,UNK,"50,000"
4/4/2011,4/5/2011,"Alabama, Florida, Georgia, Mississippi",SERC,Severe Weather,674,"303,434"
4/4/2011,4/5/2011,"Southeast Arkansas, Southeast Louisiana, Western Mississippi, Eastern Texas",SERC,Severe Weather,UNK,"74,645"
4/4/2011,4/8/2011,"Davidson County, Tennessee",SERC,Severe Weather,300,"73,000"
4/4/2011,4/8/2011,"Memphis, Tennessee",SERC,Severe Weather,359,"63,000"
4/4/2011,4/5/2011,"Shelby County, Tennessee",SERC,Severe Weather,300,"63,000"
4/4/2011,4/5/2011,"Kentucky, West Virginia",RFC,Severe Weather,UNK,"52,920"
4/5/2011,4/7/2011,"North Carolina, South Carolina",SERC,Severe Weather,"1,200","256,000"
4/16/2011,4/17/2011,Central and Eastern North Carolina,SERC,Severe Weather,UNK,"220,000"
4/19/2011,4/21/2011,"Memphis, Tennessee",SERC,Severe Weather,300,"105,000"
4/19/2011,4/19/2011,Illinois,SERC,Severe Weather,UNK,"80,000"
4/19/2011,4/20/2011,"Memphis, Tennessee",SERC,Severe Weather,100,"64,000"
4/20/2011,4/21/2011,"Indiana, Kentucky, Ohio",RFC,Severe Weather - High Winds,UNK,"165,711"
4/20/2011,4/20/2011,"Ruston, Louisiana",SERC,Equipment Malfunction,33,"11,000"
4/22/2011,4/22/2011,"Metro St. Louis area, Missouri",SERC,Severe Weather,0,"55,000"
4/25/2011,4/27/2011,"Arkansas, Louisiana, Mississippi",SPP,Severe Weather,UNK,"141,700"
4/26/2011,4/28/2011,"Alabama, Georgia, Mississippi, Tennessee",SERC,Severe Weather,UNK,"55,000"
4/26/2011,4/28/2011,Eastern Arkansas,SPP,Severe Weather,50,"13,000"
4/27/2011,4/29/2011,"Alabama, Georgia, Mississippi, Tennessee",SERC,Severe Weather,UNK,"612,000"
4/27/2011,5/2/2011,"Alabama, Florida, Georgia, Mississippi",SERC,Severe Weather,"1,422","426,640"
4/27/2011,4/28/2011,"Ohio, Tennessee, Virginia",SERC,Severe Weather,0,"69,000"
4/28/2011,4/30/2011,"Cleveland area, Ohio",RFC,Severe Weather,UNK,"86,000"
5/10/2011,5/11/2011,"Upper Peninsula, Michigan",RFC,Generation Inadequacy; Load Shed; Electrical System Separation (Islanding),585,"78,213"
5/10/2011,5/11/2011,"Kentucky, West Virginia",RFC,Severe Weather,UNK,"58,000"
5/11/2011,5/11/2011,"Charlotte, North Carolina",SERC,Severe Weather,300,"71,000"
5/22/2011,5/31/2011,"Joplin, Sarcoxie, and Wentworth, Missouri",SPP,Severe Weather,200,"20,000"
5/23/2011,5/25/2011,"Central, Indiana",RFC,Severe Weather,"1,024","215,387"
5/23/2011,5/25/2011,"St. Louis County, Missouri",SERC,Severe Weather,UNK,"70,000"
5/24/2011,5/25/2011,Eastern Virginia,SERC,Severe Weather,790,"175,000"
5/24/2011,5/26/2011,Central Oklahoma,SPP,Severe Weather,UNK,"54,000"
5/25/2011,5/28/2011,Central Indiana,RFC,Severe Weather,200,"141,000"
5/26/2011,5/28/2011,"Southern Balancing Area, Georgia",SERC,Severe Weather,729,"218,783"
5/26/2011,5/27/2011,Central Pennsylvania,RFC,Severe Weather,150,"120,001"
5/26/2011,5/26/2011,"Greenwood, Mississippi",SERC,Transmission Level Interruption,30,"10,000"
5/29/2011,5/31/2011,"Mid and Southern Lower Peninsula, Michigan",RFC,Severe Weather,250,"113,000"
6/2/2011,6/4/2011,"Greater Columbia, South Carolina",SERC,Severe Weather,0,"50,465"
6/4/2011,6/4/2011,"Midway, California",WECC,Vandalism,UNK,420
6/5/2011,6/6/2011,"Houston Metro-Area, Texas",TRE,Severe Thunderstorms,473,"78,000"
6/5/2011,6/5/2011,"Melones, California",WECC,Electrical System Separation (Islanding),10,"5,314"
6/6/2011,6/6/2011,"El Paso County, Texas; Dona Ana County, New Mexico",SPP,Load Shed/ Automatic undervoltage relay action,450,"162,000"
6/6/2011,6/8/2011,"Eastern, Arkansas",SPP,Public Appeal to Reduce Electricity Usage,UNK,"13,000"
6/7/2011,6/8/2011,Ohio,RFC,Severe Weather,UNK,"52,747"
6/9/2011,6/9/2011,Illinois,RFC,Severe Thunderstorms,UNK,"169,000"
6/9/2011,6/10/2011,"Western, Massachusetts; Connecticut",NPCC,Severe Thunderstorms,0,"100,000"
6/12/2011,6/12/2011,Virginia,RFC,Severe Thunderstorms,250,"56,000"
6/15/2011,6/16/2011,Georgia,SERC,Severe Thunderstorms,563,"169,000"
6/15/2011,6/16/2011,"Piedmont, North Carolina",SERC,Severe Thunderstorms,300,"70,135"
6/18/2011,6/19/2011,"Northern, Georgia",SERC,Severe Thunderstorms,312,"93,828"
6/18/2011,6/18/2011,North Carolina; South Carolina,SERC,Severe Thunderstorms,300,"70,000"
6/21/2011,6/23/2011,Illinois,RFC,Severe Thunderstorms,UNK,"300,000"
6/21/2011,6/22/2011,AEP Region,RFC,Severe Weather,UNK,"56,000"
6/22/2011,6/22/2011,"Knoxville, Tennessee",SERC,Severe Weather,UNK,"106,300"
6/22/2011,6/23/2011,Alabama; Georgia,SERC,Severe Thunderstorms,316,"75,101"
6/24/2011,6/25/2011,North/North Central Alabama; Georgia,SERC,Severe Thunderstorms,340,"102,275"
6/26/2011,6/27/2011,Alabama; Georgia,SERC,Severe Thunderstorms,300,"90,160"
6/27/2011,6/29/2011,Illinois; Missouri,SERC,Severe Thunderstorms,UNK,"80,000"
6/30/2011,6/30/2011,"Phoenix, Arizona",WECC,Major System Interruption/Load Shed,"5,299","160,000"
6/30/2011,7/1/2011,Illinois,RFC,Severe Weather,UNK,"121,000"
7/1/2011,7/3/2011,Southwest and South Central Minnesota,MRO,Severe Weather,UNK,"70,000"
7/2/2011,7/6/2011,"South East, Lower Peninsula, Michigan",RFC,Severe Weather,UNK,"182,000"
7/4/2011,7/4/2011,Virginia,SERC,Severe Weather,150,"51,580"
7/11/2011,7/11/2011,Illinois,RFC,Severe Weather,UNK,"500,000"
7/11/2011,7/12/2011,"Indiana, Michigan, Ohio",RFC,Severe Weather,UNK,"120,000"
7/11/2011,7/11/2011,Michigan,RFC,Severe Weather,254,"103,000"
7/11/2011,7/12/2011,Western and Southern Lower Peninsula Michigan,RFC,Severe Weather,UNK,"85,000"
7/18/2011,7/24/2011,Southeast Michigan,RFC,Severe Weather,N/A,"197,166"
7/22/2011,7/22/2011,Ohio,RFC,Load Shed,206,"23,000"
7/23/2011,7/24/2011,Illinois,RFC,Severe Weather,UNK,"169,000"
7/28/2011,7/29/2011,"Entire ComEd Territory, Indiana",RFC,Severe Weather,UNK,"201,000"
7/29/2011,8/1/2011,Central New Jersey,RFC,Severe Weather,N/A,"67,900"
8/2/2011,8/3/2011,"Northeast, Illinois",RFC,Severe Weather,UNK,"71,500"
8/8/2011,8/10/2011,Northern and Central Oklahoma,SPP,Severe Weather,N/A,"54,000"
8/8/2011,8/9/2011,Oklahoma,SPP,Electrical System Separation (Islanding),92,"14,500"
8/13/2011,8/14/2011,Kentucky,SERC,Severe Weather,UNK,"181,700"
8/20/2011,8/23/2011,Southeastern Michigan,RFC,Severe Weather,254,"65,000"
8/24/2011,8/25/2011,"Houston area, Texas",TRE,Severe Weather,485,"79,000"
8/24/2011,8/24/2011,"Arkansas, Louisiana, Texas",SPP,Severe Weather,N/A,"53,064"
8/25/2011,8/28/2011,"Cleveland area, Ohio",RFC,Severe Weather,N/A,"107,833"
8/26/2011,8/28/2011,Pennsylvania,RFC,Severe Weather,N/A,"200,717"
8/27/2011,8/29/2011,North Carolina; Virginia,SERC,Severe Weather,UNK,"1,000,000"
8/27/2011,9/4/2011,Maryland,RFC,Severe Weather,"1,114","760,113"
8/27/2011,8/29/2011,Eastern North Carolina,SERC,Severe Weather,UNK,"285,465"
8/27/2011,8/29/2011,Pennsylvania,RFC,Severe Weather,N/A,"264,000"
8/27/2011,8/29/2011,District of Columbia; Maryland,RFC,Severe Weather,N/A,"220,000"
8/27/2011,8/29/2011,Delaware; Maryland,RFC,Severe Weather,N/A,"165,000"
8/27/2011,8/29/2011,Southern New Jersey,RFC,Severe Weather,320,"140,000"
8/27/2011,8/29/2011,Eastern North Carolina,SERC,Severe Weather,200,"136,000"
8/27/2011,8/29/2011,Maryland,RFC,Severe Weather,UNK,"108,000"
8/27/2011,8/27/2011,Wilson County North Carolina,SERC,Distribution System Interruption,2,"1,200"
8/28/2011,8/30/2011,New Jersey,RFC,Severe Weather,500,"665,000"
8/28/2011,8/30/2011,Northern and Central New Jersey,RFC,Severe Weather,N/A,"650,000"
8/28/2011,8/30/2011,Eastern and Northeastern Pennsylvania,RFC,Severe Weather,110,"284,000"
8/28/2011,8/30/2011,"Mid-Hudson, New York",NPCC,Severe Weather,N/A,"180,000"
8/28/2011,8/29/2011,Southwest Connecticut,NPCC,Severe Weather,N/A,"158,000"
8/28/2011,8/30/2011,"Long Island, New York",NPCC,Severe Weather,UNK,"152,261"
8/28/2011,8/28/2011,New York,NPCC,Severe Weather,N/A,"116,000"
8/28/2011,8/30/2011,Eastern New York,NPCC,Severe Weather,N/A,"100,000"
8/28/2011,9/3/2011,New York,NPCC,Severe Weather,UNK,"99,700"
8/28/2011,9/3/2011,Borough's and Westshester County New York,NPCC,Severe Weather,N/A,"50,000"
8/28/2011,8/28/2011,Eastern Massachusetts,NPCC,Severe Weather,N/A,"50,000"
9/3/2011,9/8/2011,"Southeast Lower Peninsula, Michigan",RFC,Severe Weather,UNK,"105,000"
9/5/2011,9/7/2011,Alabama; Georgia,SERC,Severe Weather,177,"53,295"
9/8/2011,9/10/2011,Arizona; California,WECC,Transmission/Distribution Interruption; Load Shed; Generation Inadequacy,"7,000","2,000,000"
9/29/2011,9/30/2011,"Houston metro area, Texas",TRE,Severe Weather,N/A,"65,000"
10/17/2011,10/17/2011,Southwest Ohio,RFC,Vandalism,7,"2,000"
10/26/2011,10/27/2011,"Denver; Ft. Collins, Colorado",WECC,Severe Weather,UNK,"204,000"
10/29/2011,11/7/2011,Connecticut; Maine; Massachusetts; New Hampshire; Rhode Island,NPCC,Severe Weather,UNK,"1,418,100"
10/29/2011,11/7/2011,Northwest and Central New Jersey,RFC,Severe Weather,UNK,"379,000"
10/29/2011,11/7/2011,Pennsylvania,RFC,Severe Weather,UNK,"312,359"
10/29/2011,11/6/2011,New Jersey,RFC,Severe Weather,125,"197,000"
10/29/2011,11/4/2011,Southeast New York,NPCC,Severe Weather,UNK,"161,151"
10/29/2011,11/3/2011,"Harrisburg, Lehigh Valley, Lancaster Region Pennsylvania",RFC,Severe Weather,UNK,"146,721"
10/29/2011,11/2/2011,"Mid-Hudson Valley Region, New York",NPCC,Severe Weather,N/A,"145,000"
10/29/2011,10/31/2011,Southeast Pennsylvania,RFC,Severe Weather,UNK,"109,335"
10/29/2011,10/31/2011,New Jersey; New York,"NPCC, RFC",Severe Weather,N/A,"74,000"
10/29/2011,11/7/2011,Pennsylvania,RFC,Severe Weather,UNK,"50,000"
10/29/2011,11/2/2011,New York City area,NPCC,Severe Weather,UNK,"50,000"
11/30/2011,12/2/2011,"City of Los Angeles, California",WECC,Severe Weather,UNK,"150,000"
12/1/2011,12/2/2011,Northern California,WECC,Severe Weather,300,"100,000"
12/1/2011,12/7/2011,Southern California,WECC,Severe Weather,UNK,"91,690"
12/1/2011,12/2/2011,Wasatch Front Area Utah,WECC,Severe Weather,UNK,"60,000"
12/6/2011,12/6/2011,"Bismarck-Mandan, North Dakota",MRO,Public Appeal to Reduce Electricity Usage,155,"34,500"
12/7/2011,12/7/2011,Central Virginia,SERC,Severe Weather,240,"60,000"
12/20/2011,12/20/2011,"Sweet Home, Oregon",WECC,Suspected Physical Attack,12,"2,500"
1/9/2012,1/11/2012,Louisiana,SERC,Load Shed,150,1
1/19/2012,1/20/2012,"King, Pierce and Thurston Counties, Washington",WECC,Severe Weather - Winter Storm,"1,600","426,000"
2/19/2012,2/21/2012,"Kentucky, Virginia, West Virginia",SERC,Severe Weather - Winter Storm,UNK,"90,000"
2/28/2012,2/28/2012,"Sacramento, California",WECC,Electrical System Separation (Islanding),1,1
3/2/2012,3/4/2012,"Lower Peninsula, Michigan",RFC,Severe Weather - Winter Storm,50,"140,000"
3/2/2012,3/5/2012,"Southeastern, Michigan",RFC,Severe Weather - Winter Storm,371,"130,000"
3/20/2012,3/20/2012,"Houston, Texas",TRE,Severe Weather - Thunderstorms,N/A,"96,000"
4/16/2012,4/19/2012,"Southeast, Michigan",RFC,Severe Weather - High Winds,218,"111,393"
4/20/2012,4/21/2012,"Metropolitan Houston, Texas",TRE,Severe Weather - Thunderstorms,N/A,"120,377"
5/7/2012,5/7/2012,Eastern Ohio,RFC,Load Shed/Severe Weather  - Lightning Storm,420,1
5/29/2012,5/31/2012,"Oklahoma City Metro Area, Oklahoma",SPP,Severe Weather - Thunderstorms,UNK,"112,000"
6/8/2012,6/8/2012,"Denver Metro Area, Colorado",WECC,Load Shed,120,"30,379"
6/11/2012,6/12/2012,North/Central Alabama; North/Central Georgia,SERC,Severe Weather - Thunderstorms,368,"110,591"
6/12/2012,6/14/2012,"Houston, Texas",TRE,Severe Weather - Thunderstorms,920,"175,000"
6/19/2012,6/20/2012,"Minneapolis/St. Paul, Minnesota",MRO,Severe Weather - Thunderstorms,UNK,"68,200"
6/23/2012,6/23/2012,"North Shore, Massachusetts",NPCC,Load Shed,51,"29,250"
6/25/2012,6/26/2012,Central Virginia,SERC,Severe Weather - Wind & Rain,600,"190,000"
6/29/2012,7/2/2012,Eastern Indiana; Northern Kentucky; Greater Cincinnati area Ohio,RFC,Severe Weather - Thunderstorms,"2,946","4,645,572"
6/29/2012,7/2/2012,Indiana; Michigan; Ohio; West Virginia,RFC,Severe Weather - Thunderstorms,UNK,"1,355,919"
6/29/2012,7/4/2012,Virginia,SERC,Severe Weather - Thunderstorms,"5,000","880,000"
6/29/2012,7/5/2012,"Greater Baltimore area, Maryland",RFC,Severe Weather - Thunderstorms,"1,465","600,000"
6/29/2012,7/5/2012,"Montgomery and Prince Georges Counties, Maryland; District of Columbia",RFC,Severe Weather - Thunderstorms,"3,000","425,000"
6/29/2012,7/6/2012,West Virginia,RFC,Severe Weather - Thunderstorms,700,"265,000"
6/29/2012,7/4/2012,"Dayton, Ohio",RFC,Severe Weather - Thunderstorms,500,"175,000"
6/29/2012,7/7/2012,Maryland; West Virginia,RFC,Severe Weather - Thunderstorms,UNK,"145,000"
6/29/2012,6/30/2012,Northeast Illinois,RFC,Severe Weather - Thunderstorms,UNK,"109,000"
6/29/2012,6/29/2012,"Eastern, Arkansas",SERC,Public Appeal to Reduce Electricity Usage,45,"7,935"
6/30/2012,7/7/2012,Atlantic City Electric Service Territory New Jersey,RFC,Severe Weather - Thunderstorms,UNK,"205,000"
6/30/2012,7/3/2012,Delaware; Maryland,RFC,Severe Weather - Thunderstorms,0,"86,390"
6/30/2012,7/2/2012,"Calvert, Charles, St. Mary's, Prince Georges Counties Maryland",RFC,Severe Weather - Thunderstorms,354,"60,000"
7/1/2012,7/3/2012,Illinois,RFC,Severe Weather - Thunderstorms,Unknown,"320,000"
7/1/2012,7/1/2012,"Northern, Central and Eastern North Carolina",SERC,Severe Weather,Unknown,"69,106"
7/1/2012,7/1/2012,"Tarboro, North Carolina",SERC,Operational Failure; Storm Damage,48,"6,100"
7/5/2012,7/6/2012,Lower Peninsula Michigan,RFC,Severe Weather - Thunderstorms,Unknown,"111,000"
7/5/2012,7/6/2012,Northeast Tennessee,SERC,Severe Weather - Wind & Storms,N/A,"50,001"
7/7/2012,7/9/2012,Central and Northern New Jersey,RFC,Severe Weather - Thunderstorms,N/A,"95,400"
7/7/2012,7/9/2012,"Lower Valley, Central, Susquehanna Regions Pennsylvania",RFC,Severe Weather - Thunderstorms,N/A,"64,500"
7/18/2012,7/19/2012,Northern Illinois,RFC,Severe Weather - Thunderstorms,Unknown,"181,000"
7/18/2012,7/19/2012,"Southeast Ohio, Northern Kentucky, Southern Indiana",RFC,Severe Weather - Thunderstorms,480,"103,000"
7/18/2012,7/18/2012,Eastern Ohio,RFC,Severe Weather - Thunderstorms,Unknown,"67,000"
7/21/2012,7/21/2012,"City of Lubbock, Texas",SPP,Severe Weather; Equipment Failure,220,"70,000"
7/24/2012,7/24/2012,Northern Illinois,RFC,Severe Weather - Thunderstorms,Unknown,"330,000"
7/24/2012,7/24/2012,Northern Indiana,RFC,Severe Weather - Thunderstorms,N/A,"82,621"
7/26/2012,7/27/2012,Western Pennsylvania,RFC,Severe Weather - Thunderstorms,N/A,"65,112"
7/26/2012,7/28/2012,North/Central Pennsylvania,RFC,Severe Weather - Thunderstorms,N/A,"65,000"
7/26/2012,7/27/2012,Eastern Ohio,RFC,Severe Weather - Thunderstorms,Unknown,"57,054"
7/27/2012,7/28/2012,Central Indiana,RFC,Severe Weather - Thunderstorms,Unknown,"52,702"
8/4/2012,8/5/2012,Northeast Illinois,RFC,Severe Weather - Thunderstorms,Unknown,"325,000"
8/4/2012,8/4/2012,Northern Indiana,RFC,Severe Weather - Thunderstorms,N/A,"61,413"
8/4/2012,8/4/2012,"Temblor Substation in McKittrick, California",WECC,Electrical System Separation (Islanding),5,127
8/19/2012,8/19/2012,"El Paso, Texas",WECC,Suspected Physical Attack,12,"3,314"
8/26/2012,8/27/2012,Florida,FRCC,Severe Weather - TS Isaac,N/A,"440,000"
8/28/2012,9/4/2012,"Arkansas, Louisiana, Mississippi",SERC,Severe Weather - Hurricane Isaac,Unknown,"770,000"
8/29/2012,8/31/2012,Louisiana,SPP,Severe Weather - Hurricane Isaac,Unknown,"95,000"
8/29/2012,8/30/2012,Louisiana,SERC,Severe Weather - Hurricane Isaac,150,"68,018"
8/29/2012,8/31/2012,Louisiana,SERC,Severe Weather - Hurricane Isaac,300,"50,000"
9/7/2012,9/8/2012,Arkansas,SERC,Severe Weather - Thunderstorms,UNK,"64,951"
9/8/2012,9/9/2012,Virginia,SERC,Severe Weather - Thunderstorms,475,"119,000"
9/8/2012,9/8/2012,"Prince George's County, Montgomery County Maryland; D.C.",RFC,Severe Weather - Thunderstorms,UNK,"65,000"
10/14/2012,10/14/2012,Northern California,WECC,Electrical System Separation (Islanding),3,"2,035"
10/23/2012,10/23/2012,"Crawfordsville, Indiana",RFC,Transmission System Interruption,49,"9,800"
10/29/2012,11/6/2012,Greater Philadelphia Pennsylvania,RFC,Severe Weather - Hurricane Sandy,Unknown,"850,000"
10/29/2012,11/8/2012,"Greater New York City, New York",NPCC,Severe Weather - Hurricane Sandy,0,"818,000"
10/29/2012,11/4/2012,"Connecticut, Western Massachusetts",NPCC,Severe Weather - Hurricane Sandy,0,"649,075"
10/29/2012,11/12/2012,"Long Island, New York",NPCC,Severe Weather - Hurricane Sandy,0,"632,816"
10/29/2012,11/4/2012,Central Pennsylvania,RFC,Severe Weather - Hurricane Sandy,Unknown,"400,000"
10/29/2012,11/4/2012,New York,NPCC,Severe Weather - Hurricane Sandy,Unknown,"371,000"
10/29/2012,11/5/2012,Greater Cleveland Ohio,RFC,Severe Weather - Hurricane Sandy,0,"346,000"
10/29/2012,11/7/2012,Eastern Pennsylvania,RFC,Severe Weather - Hurricane Sandy,0,"270,000"
10/29/2012,10/31/2012,Greater Baltimore Maryland,RFC,Severe Weather - Hurricane Sandy,0,"219,000"
10/29/2012,11/4/2012,New Jersey,RFC,Severe Weather - Hurricane Sandy,Unknown,"217,000"
10/29/2012,11/9/2012,West Virginia,RFC,Severe Weather - Hurricane Sandy,0,"208,000"
10/29/2012,11/3/2012,Southeast New York; New Jersey,"NPCC, RFC",Severe Weather - Hurricane Sandy,Unknown,"200,000"
10/29/2012,11/2/2012,Indiana; Kentucky; Michigan; Ohio,RFC,Severe Weather - Nor'easter,Unknown,"173,273"
10/29/2012,10/30/2012,Virginia,RFC,Severe Weather - Hurricane Sandy,520,"156,000"
10/29/2012,11/8/2012,Maryland; West Virginia,RFC,Severe Weather - Hurricane Sandy,Unknown,"150,000"
10/29/2012,11/2/2012,"Delaware, Maryland",RFC,Severe Weather - Hurricane Sandy,Unknown,"70,000"
10/29/2012,11/6/2012,New Jersey,NPCC,Severe Weather - Hurricane Sandy,Unknown,"50,000"
10/29/2012,11/1/2012,Eastern Massachusetts,NPCC,Severe Weather - Hurricane Sandy,Unknown,"50,000"
10/29/2012,10/31/2012,New Hampshire,NPCC,Severe Weather - Hurricane Sandy,N/A,"50,000"
10/29/2012,10/30/2012,"Boston, Southeast Massachusetts",NPCC,Severe Weather - Hurricane Sandy,Unknown,"50,000"
10/29/2012,10/30/2012,Southeast and Seacoast Maine,NPCC,Severe Weather - Hurricane Sandy,Unknown,"50,000"
10/30/2012,11/1/2012,Greater Detroit Michigan,RFC,Severe Weather - Nor'easter,Unknown,"133,777"
12/2/2012,12/4/2012,Northern California,WECC,Severe Weather - Winter Storm,250,"125,000"
12/25/2012,12/26/2012,"Houston, Texas",TRE,"Severe Weather - Cold Front, High Winds",294,"262,000"
12/25/2012,12/28/2012,Arkansas; Louisiana; Mississippi; Texas,SPP,Severe Weather - Winter Storm,Unknown,"242,509"
12/26/2012,12/26/2012,"Stantonsburg, North Carolina",SERC,Severe Weather - Thunderstorm,3,"1,200"
12/31/2012,12/31/2012,North Carolina,SERC,Transmission Interruption,40,"12,000"
1/17/2013,1/20/2013,"Southwest Virginia, Southern West Virginia",RFC,Severe Weather - Winter Storm,Unknown,"127,000"
1/17/2013,1/19/2013,Northeast Tennessee,SERC,Severe Weather - Winter Storm,Unknown,"80,000"
1/17/2013,1/17/2013,"Elizabeth City, North Carolina",SERC,Distribution Interruption,40,"12,000"
1/20/2013,1/23/2013,Southeastern Michigan,RFC,Severe Weather - Wind Storm,Unknown,"146,500"
1/31/2013,1/31/2013,Central and Eastern Virginia,SERC,Severe Weather - Wind Storm,188,"119,000"
1/31/2013,1/31/2013,Connecticut,NPCC,Severe Weather - Wind Storm,75,"75,000"
2/8/2013,2/8/2013,District of Columbia; Prince George's County Maryland,RFC,Equipment Trip & Failure,140,"52,000"
2/8/2013,2/12/2013,Boston area and Southeast Massachusetts,NPCC,Severe Weather - Winter Storm Nemo,Unknown,"50,000"
2/8/2013,2/11/2013,Central and eastern Massachusetts; Rhode Island,NPCC,Severe Weather - Winter Storm Nemo,N/A,"50,000"
2/13/2013,2/15/2013,Eastern Massachusetts,NPCC,Fuel Supply Emergency - Petroleum,1,1
2/13/2013,2/13/2013,"Fort Washington, Maryland",RFC,Vandalism,1,1
2/16/2013,2/16/2013,Prince George's County Maryland,RFC,Vandalism,1,1
2/19/2013,2/20/2013,"Stockton, California",WECC,Electrical System Separation (Islanding),"13,850","6,810"
2/26/2013,3/1/2013,Northern Missouri,SERC,Severe Weather - Winter Storm Nemo,Unknown,"56,444"
3/3/2013,3/3/2013,"Merced County, California",WECC,Transmission System Interruption,300,"58,850"
3/6/2013,3/7/2013,Northwest Virginia,SERC,Severe Weather - Winter Storm,400,"233,000"
3/18/2013,3/20/2013,North/Central Alabama; Georgia,SERC,Severe Weather - Thunderstorms,800,"240,000"
4/18/2013,4/21/2013,"Southeast Michigan, Michigan",RFC,Severe Weather - Storms and Wind,Unknown,"99,188"
4/23/2013,4/23/2013,"South of Humboldt, California",WECC,Electrical System Separation (Islanding),80,1
5/1/2013,5/1/2013,Northeast Colorado,WECC,Electrical System Separation (Islanding),123,"35,230"
5/20/2013,5/22/2013,"Moore, Oklahoma",SPP,Severe Weather - Tornados,Unknown,"41,306"
5/20/2013,5/20/2013,Gonzales Area Louisiana,SERC,Generator Trip; Load Shed 100+ MW,103,"21,800"
5/29/2013,5/31/2013,Central and Eastern New York,NPCC,Severe Weather - Thunderstorms,Unknown,"61,795"
5/31/2013,6/4/2013,"El Reno, S. Oklahoma City, Oklahoma",SPP,Severe Weather - Tornados,Unknown,"127,000"
5/31/2013,6/1/2013,St. Louis Metro Area Missouri,SERC,Severe Weather - Thunderstorms,Unknown,"100,000"
5/31/2013,6/1/2013,"Southeast Kansas, Northeast Oklahoma",MRO,Transmission System Interruption,102,"6,300"
6/13/2013,6/14/2013,"Richmond Metro area, Virginia",SERC,Severe Weather - Thunderstorms,900,"283,000"
6/13/2013,6/14/2013,Western Piedmont North Carolina,SERC,Severe Weather - Thunderstorms,"1,000","175,000"
6/13/2013,6/14/2013,Southern Company Territory,SERC,Severe Weather - Thunderstorms,550,"165,798"
6/13/2013,6/14/2013,Ohio; Virginia; West Virginia,RFC,Severe Weather - Thunderstorms,Unknown,"90,247"
6/13/2013,6/14/2013,Central and Eastern North Carolina,SERC,Severe Weather - Thunderstorms,Unknown,"53,000"
6/13/2013,6/13/2013,District of Columbia; Maryland,RFC,Loss of 300+ MW Load; Severe Weather - Thunderstorms,700,"40,000"
6/17/2013,6/17/2013,Hillsborough County Florida,FRCC,Load Shed of 100+ MW Under Emergency Operational Policy,180,37
6/21/2013,6/24/2013,Minneapolis/St. Paul area Minnesota,MRO,Severe Weather - Hailstorm,Unknown,"400,000"
6/21/2013,6/26/2013,Minnesota,MRO,Severe Weather - Hailstorm,Unknown,"193,000"
6/21/2013,6/21/2013,Pahrump Nevada,WECC,Physical Attack; Vandalism & Sabotage,Unknown,"1,100"
6/23/2013,6/24/2013,Central Coast California,WECC,Severe Weather - Fog,Unknown,"148,000"
6/24/2013,6/25/2013,Illinois,RFC,Severe Weather - Thunderstorms,Unknown,"283,451"
6/24/2013,6/26/2013,Indiana,RFC,Severe Weather - Thunderstorms,Unknown,"86,615"
6/27/2013,6/28/2013,South Eastern Michigan,RFC,Severe Weather - Thunderstorms,Unknown,"138,000"
6/28/2013,6/28/2013,"Los Angeles and Orange Counties, California",WECC,Equipment Failure,240,"65,255"
7/5/2013,7/5/2013,California,WECC,Physical Attack; Vandalism,Unknown,"2,500"
7/10/2013,7/11/2013,AEP Ohio Power Footprint,RFC,Severe Weather - Thunderstorms,N/A,"122,314"
7/18/2013,7/19/2013,Southern Orange County California,WECC,Equipment Failure,200,"123,000"
7/19/2013,7/20/2013,Michigan,RFC,Severe Weather - Thunderstorms,Unknown,"156,627"
7/19/2013,7/21/2013,New York,NPCC,Severe Weather - Thunderstorms,Unknown,"74,300"
7/23/2013,7/25/2013,"Tulsa, Oklahoma",SPP,Severe Weather - Thunderstorms,500,"92,748"
8/1/2013,8/2/2013,Daytona Beach Florida,FRCC,Loss of 300+ MW Load,297,"104,498"
8/7/2013,8/7/2013,Eastern Central Wisconsin,MRO,Severe Weather - Thunderstorms,220,"51,160"
8/16/2013,8/17/2013,Houston Service Area Texas,TRE,Severe Weather - Thunderstorms,Unknown,"219,681"
8/19/2013,8/20/2013,Central California,WECC,Severe Weather - Lightning Strike,685,"124,000"
8/29/2013,8/29/2013,"Ashland, Wisconsin",MRO,Electrical System Separation (Islanding); Severe Weather,15,"7,000"
8/30/2013,8/31/2013,Entire ComEd territory Illinois,RFC,Severe Weather - Thunderstorms,Unknown,"157,000"
9/11/2013,9/15/2013,Southeastern Michigan,RFC,Severe Weather - Thunderstorms,400,"75,000"
10/6/2013,10/6/2013,"Jacksonville, Arkansas",SPP,Physical Attack,Unknown,"9,200"
10/21/2013,10/21/2013,Location Unknown,WECC,Electrical System Separation (Islanding),115,433
10/27/2013,10/27/2013,"Houston, Texas",TRE,Severe Weather - Hail Storm,Unknown,"171,117"
11/2/2013,11/4/2013,"King, Whatcom, and Skagit, Washington",WECC,Severe Weather - Heavy Winds,Unknown,"105,000"
11/12/2013,11/12/2013,"Valle, California",WECC,Electrical System Separation (Islanding),55,"48,400"
11/17/2013,11/20/2013,Michigan,RFC,Severe Weather - Ice and Snow Storm,Unknown,"325,325"
11/17/2013,11/20/2013,"Central Missouri, Central Illinois",SERC,Severe Weather - Tornadoes,Unknown,"200,000"
11/17/2013,11/17/2013,Entire ComEd Territory Illinois,RFC,Severe Weather - Thunderstorms,Unknown,"190,000"
11/17/2013,11/18/2013,"Indiana, Michigan",RFC,Severe Weather - Thunderstorms,Unknown,"77,346"
11/17/2013,11/20/2013,North Central Indiana,RFC,Severe Weather - Thunderstorms,Unknown,"75,065"
11/17/2013,11/20/2013,Central Indiana,RFC,Severe Weather - Thunderstorms,Unknown,"61,705"
11/17/2013,11/20/2013,Central Indiana,RFC,Severe Weather - Tornadoes,535,"61,705"
11/17/2013,11/21/2013,Entire Lower Peninsula Michigan,RFC,Severe Weather - Thunderstorms,Unknown,"50,000"
11/17/2013,11/17/2013,"Rochelle, Indiana",RFC,System-wide voltage reductions of 3 percent or more,38,"7,500"
11/21/2013,11/22/2013,Northern California,WECC,Severe Weather - Wind Storm,150,"89,500"
12/6/2013,12/11/2013,"Greater Houston, Texas",TRE,Severe Weather - Ice/Snow,Unknown,"881,000"
12/9/2013,12/9/2013,Virginia Service Territory,SERC,Severe Weather - Ice/Snow,293,"88,000"
12/22/2013,12/25/2013,Michigan,RFC,Severe Weather - Ice/Snow,350,"140,735"
12/22/2013,12/24/2013,Frontier/Genesee/Northern New York,NPCC,Severe Weather - Ice/Snow,Unknown,"59,000"
12/22/2013,12/28/2013,"Southern Lower Penninsula, Michigan",RFC,Severe Weather - Ice/Snow,Unknown,"50,000"
12/23/2013,12/25/2013,Central Maine Maine,NPCC,Severe Weather - Ice/Snow,Unknown,"52,500"
1/6/2014,1/6/2014,Pennsylvania,RFC,Voltage Reduction due to Severe Weather - Cold,200,"62,000"
1/7/2014,1/7/2014,South Carolina,SERC,Voltage Reduction; Public Appeal; Load Shed 100+MW due to Severe Weather - Cold,"4,853","677,858"
1/8/2014,1/8/2014,South Carolina,SERC,Voltage Reduction; Public Appeal; Load Shed 100+MW due to Severe Weather - Cold,"4,545","677,858"
2/5/2014,2/5/2014,Pennsylvania,RFC,Severe Weather - Snow/Ice,Unknown,"715,000"
2/5/2014,2/5/2014,"Baltimore, Maryland",RFC,Severe Weather - Ice,800,"181,000"
2/5/2014,2/9/2014,Pennsylvania,RFC,Severe Weather - Snow/Ice,Unknown,"144,000"
2/5/2014,2/9/2014,"Maryland, West Virginia",RFC,Severe Weather - Snow/Ice,Unknown,"101,580"
2/5/2014,2/7/2014,"Lancaster Region, Pennsylvania",RFC,Severe Weather - Snow/Ice,Unknown,"62,159"
2/12/2014,2/15/2014,Northern/Northeastern Georgia,SERC,Severe Weather - Snow/Ice,"1,246","373,835"
2/12/2014,2/15/2014,North Carolina,SERC,Severe Weather - Snow/Ice,Unknown,"200,000"
2/12/2014,2/15/2014,South Carolina,SERC,Severe Weather - Snow/Ice,700,"120,124"
2/20/2014,2/21/2014,"Missouri, Illinois",SERC,Severe Weather - Snow/Ice,Unknown,"66,000"
2/21/2014,2/21/2014,Northern/Northeastern Georgia,SERC,Severe Weather - Thunderstorms/High Winds,221,"66,445"
3/3/2014,3/3/2014,Tennessee,SERC,Severe Weather - Winter Storm,Unknown,"65,904"
3/7/2014,3/7/2014,"Triad, North Carolina",SERC,Severe Weather - Winter Storm,1500,"370,900"
3/12/2014,3/13/2014,North Carolina,SERC,Severe Weather - High Winds,250,"61,377"
4/4/2014,4/4/2014,Central Arkansas,SERC,Severe Weather - Wind,Unknown,"57,200"
4/12/2014,4/15/2014,Michigan,RFC,Severe Weather,Unknown,"164,000"
4/12/2014,4/14/2014,Western and Central Michigan,RFC,Severe Weather - Thunderstorms,Unknown,"50,000"
4/23/2014,4/23/2014,"Baton Rouge, Louisiana",SERC,Load shedding of 100 Megawatts,163,"28,000"
4/29/2014,4/29/2014,"Mississippi, Alabama",SERC,Severe Weather - Thunderstorms,355,"106,648"
4/29/2014,5/1/2014,"Northeastern Mississippi, Northern Alabama",SERC,Severe Weather - Thunderstorms,Unknown,"57,000"
4/30/2014,4/30/2014,"Alabama, Florida, Georgia",SERC,Severe Weather - Thunderstorms,296,"89,000"
5/9/2014,5/11/2014,Indiana,RFC,Severe Weather - Heavy Winds,Unknown,"56,000"
5/16/2014,5/16/2014,"San Diego & Orange Counties, California",WECC,Public Appeal to Reduce Electricity Usage - Wild Fires,"3,900","1,400,000"
6/5/2014,6/5/2014,West Tennessee,SERC,Severe Weather - Thunderstorms,Unknown,"56,475"
6/5/2014,6/7/2014,"Shelby County, Tennessee",SERC,Severe Weather - Thunderstorms,494,"38,500"
6/7/2014,6/8/2014,"North and Central , Alabama",SERC,Severe Weather - Thunderstorms,217,"65,000"
6/10/2014,6/11/2014,West Virginia,RFC,Severe Weather - Thunderstorms,Unknown,"66,383"
6/15/2014,6/15/2014,Central Minnesota,MRO,Severe Weather - Thunderstorms,Unknown,"55,951"
6/18/2014,6/20/2014,Southeast Michigan,RFC,Severe Weather - Thunderstorms,Unknown,"138,802"
6/30/2014,7/2/2014,Illinois,RFC,Severe Weather - Thunderstorms,Unknown,"420,000"
6/30/2014,7/1/2014,North Central Indiana,RFC,Severe Weather - Thunderstorms,Unknown,"127,000"
6/30/2014,7/1/2014,Southeast  Wisconsin,MRO,Severe Weather - Thunderstorms,424,"120,000"
2/16/2015,2/18/2015,"Northern/North Eastern, Georgia",SERC,Severe Weather - Winter,620,"186,035"
2/16/2015,2/18/2015,"Tennessee, Kentucky, Virginia, North Carolina, Georgia, Alabama, Missouri",SERC,Severe Weather - Winter,Unknown,"67,189"
2/17/2015,2/18/2015,"North Carolina, South Carolina",SERC,Severe Weather - Winter,Unknown,"68,000"
2/17/2015,2/18/2015,"North Carolina, South Carolina",SERC,Severe Weather - Winter,Unknown,"52,000"
2/21/2015,2/21/2015,"Fentress County, Tennessee",SERC,Severe Weather - Winter,Unknown,"50,000"
2/26/2015,2/26/2015,"North Carolina, South Carolina",SERC,Severe Weather - Winter,Unknown,"124,000"
2/26/2015,2/27/2015,North Carolina ,SERC,Severe Weather - Winter,400,"103,776"
3/15/2015,3/15/2015,"Greater Portland & Salem , Oregon",WECC,Severe Weather - Wind,210,"71,000"
3/16/2015,3/16/2015,"Winona , Minnesota",MRO,Sabotage,20,"5,941"
4/1/2015,4/1/2015,"San Juan County, Utah",WECC,Vandalism,Unknown,37
4/2/2015,4/2/2015,"San Juan County, Utah",WECC,Vandalism,6,"5,763"
4/3/2015,4/3/2015,"Harvey, Reno, and Sedgwick Counties, Kansas",SPP,Severe Weather - Thunderstorms,Unknown,"70,000"
4/6/2015,4/6/2015,"Butte County, California",WECC,System Operations,Unknown,"80,000"
4/17/2015,4/19/2015,"Houston, Texas",TRE,Severe Weather,Unknown,"280,982"
4/18/2015,4/21/2015,"Dallas, Fort Worth, Texas",TRE,Severe Weather,Unknown,"89,000"
4/24/2015,4/26/2015,"Dallas, Fort Worth, Texas",TRE,Severe Weather,Unknown,"57,000"
4/27/2015,4/28/2015,Louisiana and Texas,SERC,Severe Weather,Unknown,"199,000"
5/2/2015,5/3/2015,"Franklin County, Tennessee",SERC,Vandalism,1,215
5/25/2015,5/29/2015,North Texas,TRE,Severe Weather,Unknown,"454,000"
5/25/2015,5/28/2015,"Fort Bend County, & Harris County ,Texas",TRE,Severe Weather,Unknown,"61,000"
5/25/2015,5/26/2015,Texas,SPP,Severe Weather,Unknown,"57,531"
5/26/2015,5/27/2015,"Texas, Louisiana, Arkansas, Mississippi",SERC,Severe Weather,Unknown,"78,515"
6/1/2015,6/2/2015,California,WECC,System Operations,5,484
6/1/2015,6/1/2015,"Daviess County, Kentucky",SERC,Vandalism,2,110
6/2/2015,6/2/2015,California,WECC,System Operations,5,727
6/23/2015,6/30/2015,"Gloucester County, Burlington County, Atlantic County, Cape May County, New Jersey",RFC,Severe Weather,Unknown,"263,000"
6/23/2015,6/23/2015,"Delaware County, PA; Chester County, PA",RFC,Severe Weather,Unknown,"200,000"
6/23/2015,6/23/2015,New Jersey,RFC,System Operations,198,"156,338"
6/23/2015,6/26/2015,"New Castle County, Delaware",RFC,Severe Weather,Unknown,"65,000"
6/23/2015,6/24/2015,"Connecticut, Maine, Massachusetts, New Hampshire, Rhode Island, Vermont",NPCC,Severe Weather,Unknown,"62,442"
6/27/2015,6/30/2015,"Wayne County, Michigan",RFC,Severe Weather,Unknown,"68,000"
7/3/2015,7/3/2015,Texas,TRE,System Operations,350,"30,000"
7/13/2015,7/16/2015,"Ohio, Kentucky",RFC,Severe Weather,480,"68,339"
7/13/2015,7/15/2015,Virginia,RFC,Severe Weather,Unknown,"52,739"
7/14/2015,7/15/2015,Alabama,SERC,Severe Weather,366,"111,644"
7/16/2015,7/16/2015,Texas,SPP,System Operations,117,"17,311"
7/18/2015,7/19/2015,"Henepin and Ramsey County, Minnesota",MRO,Severe Weather,250,"250,000"
7/18/2015,7/18/2015,California,WECC,Severe Weather,160,"78,164"
7/18/2015,7/18/2015,California,WECC,System Operations,30,70
7/27/2015,7/27/2015,California,WECC,System Operations,Unknown,484
8/3/2015,8/3/2015,Illinois,RFC,Severe Weather,Unknown,"115,000"
8/3/2015,8/5/2015,Michigan,RFC,Severe Weather,Unknown,"72,520"
8/4/2015,8/5/2015,Massachusetts: Rhode Island:,NPCC,Severe Weather,Unknown,"132,000"
8/11/2015,8/13/2015,Texas: Houston;,TRE,Severe Weather,Unknown,"100,000"
8/29/2015,8/31/2015,Washington: King County;,WECC,Severe Weather,"1,200","64,000"
9/3/2015,9/3/2015,Michigan,RFC,Severe Weather,Unknown,"50,114"
10/18/2015,10/18/2015,California: Central Coast area;,WECC,Severe Weather,88,"55,677"
10/23/2015,10/23/2015,Puerto Rico,N/A,System Operations,500,"300,000"
10/28/2015,10/29/2015,Pennsylvania: Columbia County; Montour County; Northumberland County;,RFC,Other,Unknown,"35,000"
10/31/2015,11/1/2015,Texas: Harris County;,TRE,Severe Weather,Unknown,"130,252"
11/21/2015,11/23/2015,Michigan,RFC,Severe Weather,Unknown,"60,000"
11/28/2015,11/30/2015,Oklahoma,SPP,Severe Weather,Unknown,"55,609"
11/30/2015,11/30/2015,Puerto Rico,N/A,System Operations,100,"86,559"
12/5/2015,12/6/2015,"New York: Orange County, Sullivan County; Pennsylvania: Pike County;",NPCC,Other,110,"52,476"
12/9/2015,12/9/2015,Washington,WECC,Severe Weather,115,"76,300"
12/10/2015,12/10/2015,California: Plumas County,WECC,Severe Weather,24,"9,956"
12/10/2015,12/10/2015,California: Northern;,WECC,Severe Weather,29,"9,956"
12/10/2015,12/10/2015,Missouri: New Madrid County;,SERC,System Operations,400,1
12/26/2015,12/30/2015,Texas: Oklahoma:,SPP,Severe Weather,Unknown,"116,800"
12/27/2015,12/28/2015,Oklahoma,SPP,Severe Weather,Unknown,"54,476"
12/31/2015,12/31/2015,Oklahoma: Blaine County;,SPP,Severe Weather,8,"1,500"
1/10/2016,1/11/2016,Maine: Connecticut: Massachusetts: Vermont: New Hampshire: Rhode Island:,NPCC,Weather,Unknown,"59,859"
1/22/2016,1/24/2016,North Carolina: South Carolina:,SERC,Weather,Unknown,"150,000"
1/23/2016,1/23/2016,New Jersey:,RFC,Weather,Unknown,"50,900"
2/5/2016,2/6/2016,Connecticut: Massachusetts: Rhode Island:,NPCC,Weather,Unknown,"115,057"
2/13/2016,2/13/2016,California,SERC,Islanding,7,"4,300"
2/16/2016,2/16/2016,Virginia,RFC,Weather,Unknown,"52,640"
2/19/2016,2/20/2016,Michigan,RFC,Weather,Unknown,"145,314"
2/24/2016,2/25/2016,North Carolina: South Carolina,SERC,Weather,400,"284,610"
2/25/2016,2/25/2016,Connecticut: Maine: Massachusetts: Rhode Island: Vermont:,NPCC,Weather,Unknown,"114,190"
2/26/2016,2/26/2016,Arizona: Maricopa County,WECC,Sabotage - Operator Action(s),2,"2,713"
3/27/2016,3/27/2016,Nevada: Clark County;,WECC,Sabotage,Unknown,"110,000"
3/30/2016,3/31/2016,Massachusetts: Middlesex County[13];,NPCC,Sabotage,200,"50,500"
4/18/2016,4/20/2016,Texas: Harris County,TRE,Weather,Unknown,"415,103"
4/27/2016,4/28/2016,Texas: Harris County,TRE,Weather,Unknown,"214,864"
5/10/2016,5/13/2016,"Texas: Dallas County, Tarrant County, Parker County;",TRE,Distribution Interruption,Unknown,"85,000"
5/19/2016,5/20/2016,Utah:,WECC,System Operations,461,"85,179"
5/20/2016,5/22/2016,Louisiana:,SERC,Distribution Interruption ,Unknown,"85,000"
5/26/2016,5/27/2016,New York:,NPCC,Transmission Interruption,82,"56,645"
6/17/2016,6/18/2016,"Georgia, Alabama, Mississippi, Florida",SERC,Weather,304,"91,260"
7/5/2016,7/6/2016,"Minnesota, Wisconsin",MRO,Severe Weather,Unknown,"250,000"
7/5/2016,7/6/2016,"Texas: Dallas County, Tarrant County",TRE,Severe Weather,Unknown,"52,000"
7/7/2016,7/7/2016,Kansas,SERC,Severe Weather,Unknown,"58,500"
7/8/2016,7/9/2016,North Carolina,SERC,Severe Weather,600,"203,345"
7/8/2016,7/9/2016,Michigan,RFC,Severe Weather,Unknown,"160,895"
7/9/2016,7/11/2016,Texas: Dallas County,TRE,Severe Weather,Unknown,"62,000"
7/12/2016,7/12/2016,Puerto Rico,PR,System Operations,450,"218,000"
7/14/2016,7/16/2016,Arkansas: Louisiana: Mississippi: Texas,"SPP, SERC, TRE",Severe Weather,Unknown,"170,244"
7/14/2016,7/15/2016,Oklahoma,SPP,Severe Weather,Unknown,"96,966"
7/14/2016,7/16/2016,Oklahoma: Arkansas,SPP,Severe Weather,Unknown,"7,300"
7/21/2016,7/22/2016,Puerto Rico,PR,System Operations,200,"266,000"
7/22/2016,7/23/2016,Massachusetts: Connecticut: Rhode Island: New Hampshire: Vermont: Maine,NPCC,Severe Weather,Unknown,"57,058"
7/23/2016,7/24/2016,Connecticut: Massachusetts: New Hampshire: Vermont: Rhode Island,NPCC,Severe Weather,Unknown,"101,073"
7/26/2016,7/27/2016,Puerto Rico,PR,System Operations,25,"37,100"
7/27/2016,7/28/2016,Puerto Rico,PR,System Operations,80,"106,300"
7/28/2016,7/29/2016,Puerto Rico,PR,System Operations,22,"21,600"
8/11/2016,8/11/2016,Ohio:,RFC,Severe Weather,Unknown,"62,140"
8/20/2016,8/20/2016,New York:,NPCC,Actual Physical Event,Unknown,"40,000"
8/23/2016,8/24/2016,Texas: Harris County;,TRE,Severe Weather,Unknown,"72,200"
8/24/2016,8/24/2016,Puerto Rico:,PR,System Operations,600,"400,000"
9/2/2016,9/4/2016,"Florida: Leon County, Wakulla County;",FRCC,Severe Weather,450,"75,000"
9/2/2016,9/3/2016,Georgia:,SERC,Severe Weather,Unknown,"57,000"
9/11/2016,9/11/2016,Connecticut: Massachusetts: New Hampshire: Rhode Island: Vermont: Maine:,NPCC,Severe Weather,Unknown,"57,960"
9/12/2016,9/12/2016,"New Mexico: Bernalillo County, Sandoval County, Santa Fe County, Valencia County;",WECC,Generation Inadequacy,110,"53,753"
9/21/2016,9/24/2016,Puerto Rico:,,System Operations,2750,"1,475,000"
9/22/2016,9/22/2016,Iowa: Black Hawk County;,MRO,System Operations,69,"19,124"
9/25/2016,9/25/2016,"Utah: Kane County, Garfield County; Arizona: Coconino County, Mohave County",WECC,Vandalism,20,"10,000"
10/2/2016,10/5/2016,Utah:,WECC,Transmission Interruption,50,"4,000"
10/6/2016,10/8/2016,Florida:,FRCC,Severe Weather,5600,"1,200,000"
10/7/2016,10/12/2016,Georgia:,SERC,Severe Weather,122,"36,384"
10/8/2016,10/9/2016,North Carolina:,SERC,Severe Weather,Unknown,"44,875"
1/8/2017,1/13/2017,California,WECC,Severe Weather,Unknown,"106,000"
1/10/2017,1/13/2017,California,WECC,Severe Weather,Unknown,"87,000"
1/15/2017,1/15/2017,California: Los Angeles County;,WECC,Transmission Disruption,176,"126,000"
1/15/2017,1/17/2017,Oklahoma: Harper County;,SPP,Severe Weather,1,788
1/18/2017,1/19/2017,California,WECC,Severe Weather,Unknown,"75,000"
1/22/2017,1/24/2017,California,WECC,Severe Weather,97,"64,000"
1/22/2017,1/23/2017,Alabama: Georgia: Mississippi: Florida:,SERC,Severe Weather,100,"29,965"
2/2/2017,2/2/2017,"New Mexico: Bernalillo County, Santa Fe County;",WECC,Transmission Interruption,396,"149,223"
2/6/2017,2/6/2017,"Washington: Skagit County, King County, Kitsap County;",WECC,Severe Weather,Unknown,"103,000"
2/9/2017,2/10/2017,Connecticut: Massachusetts: Rhode Island:,NPCC,Severe Weather,Unknown,"11,525"
2/17/2017,2/22/2017,California,WECC,Severe Weather,254,"169,250"
2/17/2017,2/20/2017,California: Los Angeles County;,WECC,Severe Weather,Unknown,"111,591"
3/1/2017,3/2/2017,Kentucky: West Virginia:,RFC,Severe Weather,Unknown,"98,575"
3/1/2017,3/1/2017,Tennessee: Kentucky:,SERC,Severe Weather,Unknown,"58,000"
3/2/2017,3/2/2017,Connecticut: Maine: Massachusetts: New Hampshire: Rhode Island: Vermont:,NPCC,Severe Weather,Unknown,"54,316"
3/6/2017,3/7/2017,Missouri,SERC,Severe Weather,Unknown,"97,734"
3/8/2017,3/11/2017,Michigan,RFC,Severe Weather,Unknown,"800,000"
3/8/2017,3/11/2017,Michigan,RFC,Severe Weather,Unknown,"343,000"
3/8/2017,3/8/2017,New York,NPCC,Severe Weather/Transmission Interruption,Unknown,"106,869"
3/8/2017,3/8/2017,Ohio,RFC,Severe Weather,Unknown,"71,012"
3/12/2017,3/12/2017,California: Imperial County;,WECC,Vandalism,0,1
3/21/2017,3/22/2017,Georgia,SERC,Severe Weather,857,"257,000"
3/29/2017,3/31/2017,Texas,TRE,Severe Weather,Unknown,"175,000"
4/3/2017,4/3/2017,"Alabama, Georgia",SERC,Severe Weather,290,"86,330"
4/7/2017,4/8/2017,"Oregon: Multnomah County, Washington County, Marion County, Clackamas County",WECC,Severe Weather,Unknown,"153,867"
4/7/2017,4/7/2017,Oregon,WECC,Severe Weather,100,"64,852"
4/13/2017,4/13/2017,Washington: Pierce County,WECC,Sabotage,53,"10,000"
4/21/2017,4/21/2017,"California: San Francisco, City and County of[10]",WECC,System Operations,130,"88,000"
4/24/2017,4/24/2017,North Carolina: Mecklenburg County,SERC,Severe Weather,240,"74,698"
4/30/2017,4/30/2017,"Arkansas, Louisiana, Mississippi",SERC,Severe Weather,Unknown,"145,174"
5/1/2017,5/1/2017,Ohio,RFC,Severe Weather,Unknown,"92,390"
5/4/2017,5/4/2017,Alabama: Georgia,SERC,Severe Weather,200,"60,377"
5/21/2017,5/21/2017,"Idaho: Lincoln County, Jerome County",WECC,Vandalism,21,"9,598"
5/23/2017,5/23/2017,Tennessee: Davidson County,SERC,Vandalism,10,"4,700"
5/28/2017,5/29/2017,Louisiana: Texas,SERC,Severe Weather,Unknown,"103,000"
5/28/2017,5/29/2017,Texas: Louisiana,TRE,Severe Weather,Unknown,"103,000"
6/11/2017,6/11/2017,Minnesota,MRO,Severe Weather,Unknown,"70,000"
6/11/2017,6/11/2017,Wisconsin,MRO,Severe Weather,Unknown,"53,610"
6/15/2017,6/15/2017,"Alabama, Georgia",SERC,Severe Weather,275,"82,713"
6/16/2017,6/17/2017,Arkansas,SERC,Severe Weather,Unknown,"76,000"
6/22/2017,6/25/2017,"Michigan: Wayne County, Monroe County",RFC,Severe Weather,Unknown,"118,631"
8/26/2017,9/8/2017,Texas:,TRE,Severe Weather,Unknown,"1,076,868"
8/27/2017,9/8/2017,Texas: Harris County;,TRE,Severe Weather,Unknown,"1,076,868"
